team,season,first_half_win_pct,second_half_win_pct,league
BAY,2004,66.66666666666666,84.31372549019608,Bundesliga
BIE,2004,47.05882352941177,31.37254901960784,Bundesliga
BOC,2004,27.45098039215686,41.1764705882353,Bundesliga
DOR,2004,35.294117647058826,72.54901960784314,Bundesliga
FRE,2004,21.568627450980394,13.72549019607843,Bundesliga
HAM,2004,49.01960784313726,50.98039215686274,Bundesliga
HAN,2004,54.90196078431372,33.33333333333333,Bundesliga
HANR,2004,21.568627450980394,37.25490196078432,Bundesliga
HERT,2004,54.90196078431372,58.82352941176471,Bundesliga
KAI,2004,41.1764705882353,41.1764705882353,Bundesliga
LEVK,2004,50.98039215686274,60.78431372549019,Bundesliga
M'G,2004,33.33333333333333,37.25490196078432,Bundesliga
MAI,2004,43.13725490196079,41.1764705882353,Bundesliga
NUR,2004,41.1764705882353,33.33333333333333,Bundesliga
SCH,2004,66.66666666666666,56.86274509803921,Bundesliga
STU,2004,60.78431372549019,52.94117647058824,Bundesliga
WERB,2004,54.90196078431372,60.78431372549019,Bundesliga
WOB,2004,58.82352941176471,35.294117647058826,Bundesliga
BAY,2005,86.27450980392157,60.78431372549019,Bundesliga
BIE,2005,39.21568627450981,33.33333333333333,Bundesliga
DOR,2005,41.1764705882353,49.01960784313726,Bundesliga
DUI,2005,23.529411764705884,29.411764705882355,Bundesliga
EINF,2005,41.1764705882353,29.411764705882355,Bundesliga
HAM,2005,74.50980392156863,58.82352941176471,Bundesliga
HAN,2005,41.1764705882353,33.33333333333333,Bundesliga
HERT,2005,50.98039215686274,43.13725490196079,Bundesliga
KAI,2005,23.529411764705884,41.1764705882353,Bundesliga
KOL,2005,23.529411764705884,35.294117647058826,Bundesliga
LEVK,2005,37.25490196078432,64.70588235294117,Bundesliga
M'G,2005,49.01960784313726,33.33333333333333,Bundesliga
MAI,2005,31.37254901960784,43.13725490196079,Bundesliga
NUR,2005,27.45098039215686,58.82352941176471,Bundesliga
SCH,2005,60.78431372549019,58.82352941176471,Bundesliga
STU,2005,49.01960784313726,35.294117647058826,Bundesliga
WERB,2005,70.58823529411765,66.66666666666666,Bundesliga
WOB,2005,35.294117647058826,31.37254901960784,Bundesliga
AAC,2006,37.25490196078432,29.411764705882355,Bundesliga
BAY,2006,64.70588235294117,52.94117647058824,Bundesliga
BIE,2006,43.13725490196079,39.21568627450981,Bundesliga
BOC,2006,35.294117647058826,52.94117647058824,Bundesliga
COT,2006,33.33333333333333,47.05882352941177,Bundesliga
DOR,2006,43.13725490196079,43.13725490196079,Bundesliga
EINF,2006,39.21568627450981,39.21568627450981,Bundesliga
HAM,2006,25.49019607843137,62.74509803921568,Bundesliga
HAN,2006,39.21568627450981,47.05882352941177,Bundesliga
HERT,2006,52.94117647058824,33.33333333333333,Bundesliga
LEVK,2006,49.01960784313726,50.98039215686274,Bundesliga
M'G,2006,29.411764705882355,21.568627450980394,Bundesliga
MAI,2006,21.568627450980394,45.09803921568628,Bundesliga
NUR,2006,45.09803921568628,49.01960784313726,Bundesliga
SCH,2006,70.58823529411765,62.74509803921568,Bundesliga
STU,2006,62.74509803921568,74.50980392156863,Bundesliga
WERB,2006,70.58823529411765,58.82352941176471,Bundesliga
WOB,2006,37.25490196078432,35.294117647058826,Bundesliga
BAY,2007,70.58823529411765,78.43137254901961,Bundesliga
BIE,2007,35.294117647058826,31.37254901960784,Bundesliga
BOC,2007,37.25490196078432,43.13725490196079,Bundesliga
COT,2007,29.411764705882355,41.1764705882353,Bundesliga
DOR,2007,41.1764705882353,37.25490196078432,Bundesliga
DUI,2007,25.49019607843137,31.37254901960784,Bundesliga
EINF,2007,45.09803921568628,45.09803921568628,Bundesliga
HAM,2007,62.74509803921568,43.13725490196079,Bundesliga
HAN,2007,52.94117647058824,43.13725490196079,Bundesliga
HANR,2007,33.33333333333333,25.49019607843137,Bundesliga
HERT,2007,39.21568627450981,47.05882352941177,Bundesliga
KAR,2007,54.90196078431372,29.411764705882355,Bundesliga
LEVK,2007,58.82352941176471,41.1764705882353,Bundesliga
NUR,2007,29.411764705882355,31.37254901960784,Bundesliga
SCH,2007,56.86274509803921,68.62745098039214,Bundesliga
STU,2007,49.01960784313726,52.94117647058824,Bundesliga
WERB,2007,70.58823529411765,58.82352941176471,Bundesliga
WOB,2007,39.21568627450981,66.66666666666666,Bundesliga
BAY,2008,68.62745098039214,62.74509803921568,Bundesliga
BIE,2008,27.45098039215686,27.45098039215686,Bundesliga
BOC,2008,21.568627450980394,41.1764705882353,Bundesliga
COT,2008,25.49019607843137,33.33333333333333,Bundesliga
DOR,2008,56.86274509803921,58.82352941176471,Bundesliga
EINF,2008,37.25490196078432,27.45098039215686,Bundesliga
HAM,2008,64.70588235294117,54.90196078431372,Bundesliga
HAN,2008,33.33333333333333,45.09803921568628,Bundesliga
HERT,2008,64.70588235294117,58.82352941176471,Bundesliga
HOF,2008,68.62745098039214,39.21568627450981,Bundesliga
KAR,2008,25.49019607843137,31.37254901960784,Bundesliga
KOL,2008,43.13725490196079,33.33333333333333,Bundesliga
LEVK,2008,62.74509803921568,33.33333333333333,Bundesliga
M'G,2008,21.568627450980394,39.21568627450981,Bundesliga
SCH,2008,52.94117647058824,45.09803921568628,Bundesliga
STU,2008,49.01960784313726,76.47058823529412,Bundesliga
WERB,2008,50.98039215686274,37.25490196078432,Bundesliga
WOB,2008,50.98039215686274,84.31372549019608,Bundesliga
BAY,2009,64.70588235294117,72.54901960784314,Bundesliga
BOC,2009,31.37254901960784,23.529411764705884,Bundesliga
DOR,2009,58.82352941176471,52.94117647058824,Bundesliga
EINF,2009,47.05882352941177,43.13725490196079,Bundesliga
FRE,2009,35.294117647058826,33.33333333333333,Bundesliga
HAM,2009,60.78431372549019,41.1764705882353,Bundesliga
HAN,2009,33.33333333333333,31.37254901960784,Bundesliga
HERT,2009,11.764705882352942,35.294117647058826,Bundesliga
HOF,2009,49.01960784313726,33.33333333333333,Bundesliga
KOL,2009,35.294117647058826,39.21568627450981,Bundesliga
LEVK,2009,68.62745098039214,47.05882352941177,Bundesliga
M'G,2009,41.1764705882353,35.294117647058826,Bundesliga
MAI,2009,47.05882352941177,45.09803921568628,Bundesliga
NUR,2009,23.529411764705884,37.25490196078432,Bundesliga
SCH,2009,66.66666666666666,60.78431372549019,Bundesliga
STU,2009,31.37254901960784,76.47058823529412,Bundesliga
WERB,2009,54.90196078431372,64.70588235294117,Bundesliga
WOB,2009,47.05882352941177,50.98039215686274,Bundesliga
BAY,2010,56.86274509803921,70.58823529411765,Bundesliga
DOR,2010,84.31372549019608,62.74509803921568,Bundesliga
EINF,2010,50.98039215686274,15.68627450980392,Bundesliga
FRE,2010,54.90196078431372,31.37254901960784,Bundesliga
HAM,2010,47.05882352941177,41.1764705882353,Bundesliga
HAN,2010,60.78431372549019,56.86274509803921,Bundesliga
HOF,2010,49.01960784313726,35.294117647058826,Bundesliga
KAI,2010,41.1764705882353,49.01960784313726,Bundesliga
KOL,2010,29.411764705882355,56.86274509803921,Bundesliga
LEVK,2010,64.70588235294117,68.62745098039214,Bundesliga
M'G,2010,19.607843137254903,50.98039215686274,Bundesliga
MAI,2010,64.70588235294117,49.01960784313726,Bundesliga
NUR,2010,43.13725490196079,49.01960784313726,Bundesliga
SCH,2010,43.13725490196079,35.294117647058826,Bundesliga
STP,2010,33.33333333333333,23.529411764705884,Bundesliga
STU,2010,23.529411764705884,58.82352941176471,Bundesliga
WERB,2010,37.25490196078432,43.13725490196079,Bundesliga
WOB,2010,37.25490196078432,37.25490196078432,Bundesliga
AUG,2011,29.411764705882355,45.09803921568628,Bundesliga
BAY,2011,72.54901960784314,70.58823529411765,Bundesliga
DOR,2011,66.66666666666666,92.15686274509804,Bundesliga
FRE,2011,25.49019607843137,52.94117647058824,Bundesliga
HAM,2011,37.25490196078432,33.33333333333333,Bundesliga
HAN,2011,45.09803921568628,49.01960784313726,Bundesliga
HERT,2011,39.21568627450981,21.568627450980394,Bundesliga
HOF,2011,43.13725490196079,37.25490196078432,Bundesliga
KAI,2011,31.37254901960784,13.72549019607843,Bundesliga
KOL,2011,41.1764705882353,17.647058823529413,Bundesliga
LEVK,2011,50.98039215686274,54.90196078431372,Bundesliga
M'G,2011,64.70588235294117,52.94117647058824,Bundesliga
MAI,2011,35.294117647058826,41.1764705882353,Bundesliga
NUR,2011,35.294117647058826,47.05882352941177,Bundesliga
SCH,2011,66.66666666666666,58.82352941176471,Bundesliga
STU,2011,43.13725490196079,60.78431372549019,Bundesliga
WERB,2011,56.86274509803921,25.49019607843137,Bundesliga
WOB,2011,39.21568627450981,47.05882352941177,Bundesliga
AUG,2012,17.647058823529413,47.05882352941177,Bundesliga
BAY,2012,82.3529411764706,96.07843137254902,Bundesliga
DOR,2012,58.82352941176471,70.58823529411765,Bundesliga
EINF,2012,58.82352941176471,41.1764705882353,Bundesliga
FORD,2012,41.1764705882353,17.647058823529413,Bundesliga
FRE,2012,50.98039215686274,49.01960784313726,Bundesliga
GREF,2012,17.647058823529413,23.529411764705884,Bundesliga
HAM,2012,47.05882352941177,47.05882352941177,Bundesliga
HAN,2012,45.09803921568628,43.13725490196079,Bundesliga
HOF,2012,23.529411764705884,37.25490196078432,Bundesliga
LEVK,2012,64.70588235294117,62.74509803921568,Bundesliga
M'G,2012,49.01960784313726,43.13725490196079,Bundesliga
MAI,2012,50.98039215686274,31.37254901960784,Bundesliga
NUR,2012,39.21568627450981,47.05882352941177,Bundesliga
SCH,2012,49.01960784313726,58.82352941176471,Bundesliga
STU,2012,49.01960784313726,35.294117647058826,Bundesliga
WERB,2012,43.13725490196079,23.529411764705884,Bundesliga
WOB,2012,37.25490196078432,47.05882352941177,Bundesliga
AUG,2013,47.05882352941177,54.90196078431372,Bundesliga
BAY,2013,92.15686274509804,84.31372549019608,Bundesliga
BRA,2013,21.568627450980394,27.45098039215686,Bundesliga
DOR,2013,62.74509803921568,76.47058823529412,Bundesliga
EINF,2013,29.411764705882355,41.1764705882353,Bundesliga
FRE,2013,27.45098039215686,43.13725490196079,Bundesliga
HAM,2013,31.37254901960784,21.568627450980394,Bundesliga
HAN,2013,35.294117647058826,47.05882352941177,Bundesliga
HERT,2013,54.90196078431372,25.49019607843137,Bundesliga
HOF,2013,35.294117647058826,50.98039215686274,Bundesliga
LEVK,2013,72.54901960784314,47.05882352941177,Bundesliga
M'G,2013,64.70588235294117,43.13725490196079,Bundesliga
MAI,2013,47.05882352941177,56.86274509803921,Bundesliga
NUR,2013,21.568627450980394,29.411764705882355,Bundesliga
SCH,2013,54.90196078431372,70.58823529411765,Bundesliga
STU,2013,37.25490196078432,25.49019607843137,Bundesliga
WERB,2013,37.25490196078432,39.21568627450981,Bundesliga
WOB,2013,58.82352941176471,58.82352941176471,Bundesliga
AUG,2014,52.94117647058824,43.13725490196079,Bundesliga
BAY,2014,88.23529411764706,66.66666666666666,Bundesliga
DOR,2014,29.411764705882355,60.78431372549019,Bundesliga
EINF,2014,45.09803921568628,39.21568627450981,Bundesliga
FRE,2014,29.411764705882355,37.25490196078432,Bundesliga
HAM,2014,33.33333333333333,35.294117647058826,Bundesliga
HAN,2014,47.05882352941177,25.49019607843137,Bundesliga
HERT,2014,35.294117647058826,33.33333333333333,Bundesliga
HOF,2014,50.98039215686274,35.294117647058826,Bundesliga
KOL,2014,37.25490196078432,41.1764705882353,Bundesliga
LEVK,2014,54.90196078431372,64.70588235294117,Bundesliga
M'G,2014,52.94117647058824,76.47058823529412,Bundesliga
MAI,2014,35.294117647058826,43.13725490196079,Bundesliga
PAD,2014,37.25490196078432,23.529411764705884,Bundesliga
SCH,2014,52.94117647058824,41.1764705882353,Bundesliga
STU,2014,33.33333333333333,37.25490196078432,Bundesliga
WERB,2014,33.33333333333333,50.98039215686274,Bundesliga
WOB,2014,66.66666666666666,68.62745098039214,Bundesliga
AUG,2015,37.25490196078432,37.25490196078432,Bundesliga
BAY,2015,90.19607843137256,82.3529411764706,Bundesliga
DAR,2015,35.294117647058826,39.21568627450981,Bundesliga
DOR,2015,74.50980392156863,78.43137254901961,Bundesliga
EINF,2015,33.33333333333333,37.25490196078432,Bundesliga
HAM,2015,43.13725490196079,37.25490196078432,Bundesliga
HAN,2015,27.45098039215686,21.568627450980394,Bundesliga
HERT,2015,62.74509803921568,35.294117647058826,Bundesliga
HOF,2015,25.49019607843137,47.05882352941177,Bundesliga
ING,2015,39.21568627450981,39.21568627450981,Bundesliga
KOL,2015,47.05882352941177,37.25490196078432,Bundesliga
LEVK,2015,52.94117647058824,64.70588235294117,Bundesliga
M'G,2015,56.86274509803921,50.98039215686274,Bundesliga
MAI,2015,47.05882352941177,50.98039215686274,Bundesliga
SCH,2015,52.94117647058824,49.01960784313726,Bundesliga
STU,2015,29.411764705882355,35.294117647058826,Bundesliga
WERB,2015,29.411764705882355,45.09803921568628,Bundesliga
WOB,2015,50.98039215686274,37.25490196078432,Bundesliga
AUG,2016,35.294117647058826,39.21568627450981,Bundesliga
BAY,2016,82.3529411764706,78.43137254901961,Bundesliga
DAR,2016,17.647058823529413,31.37254901960784,Bundesliga
DOR,2016,58.82352941176471,66.66666666666666,Bundesliga
EINF,2016,56.86274509803921,25.49019607843137,Bundesliga
FRE,2016,45.09803921568628,49.01960784313726,Bundesliga
HAM,2016,25.49019607843137,49.01960784313726,Bundesliga
HERT,2016,58.82352941176471,37.25490196078432,Bundesliga
HOF,2016,60.78431372549019,60.78431372549019,Bundesliga
ING,2016,23.529411764705884,39.21568627450981,Bundesliga
KOL,2016,50.98039215686274,45.09803921568628,Bundesliga
LEVK,2016,47.05882352941177,33.33333333333333,Bundesliga
M'G,2016,33.33333333333333,54.90196078431372,Bundesliga
MAI,2016,41.1764705882353,31.37254901960784,Bundesliga
RBL,2016,76.47058823529412,54.90196078431372,Bundesliga
SCH,2016,41.1764705882353,43.13725490196079,Bundesliga
WERB,2016,31.37254901960784,56.86274509803921,Bundesliga
WOB,2016,37.25490196078432,35.294117647058826,Bundesliga
AUG,2017,47.05882352941177,33.33333333333333,Bundesliga
BAY,2017,80.3921568627451,84.31372549019608,Bundesliga
DOR,2017,54.90196078431372,52.94117647058824,Bundesliga
EINF,2017,50.98039215686274,45.09803921568628,Bundesliga
FRE,2017,37.25490196078432,33.33333333333333,Bundesliga
HAM,2017,29.411764705882355,31.37254901960784,Bundesliga
HAN,2017,45.09803921568628,31.37254901960784,Bundesliga
HERT,2017,47.05882352941177,37.25490196078432,Bundesliga
HOF,2017,50.98039215686274,56.86274509803921,Bundesliga
KOL,2017,11.764705882352942,31.37254901960784,Bundesliga
LEVK,2017,54.90196078431372,52.94117647058824,Bundesliga
M'G,2017,54.90196078431372,37.25490196078432,Bundesliga
MAI,2017,33.33333333333333,37.25490196078432,Bundesliga
RBL,2017,54.90196078431372,49.01960784313726,Bundesliga
SCH,2017,58.82352941176471,64.70588235294117,Bundesliga
STU,2017,33.33333333333333,66.66666666666666,Bundesliga
WERB,2017,29.411764705882355,52.94117647058824,Bundesliga
WOB,2017,37.25490196078432,27.45098039215686,Bundesliga
AUG,2018,29.411764705882355,33.33333333333333,Bundesliga
BAY,2018,70.58823529411765,82.3529411764706,Bundesliga
DOR,2018,82.3529411764706,66.66666666666666,Bundesliga
EINF,2018,52.94117647058824,52.94117647058824,Bundesliga
FORD,2018,35.294117647058826,50.98039215686274,Bundesliga
FRE,2018,41.1764705882353,29.411764705882355,Bundesliga
HAN,2018,21.568627450980394,19.607843137254903,Bundesliga
HERT,2018,47.05882352941177,37.25490196078432,Bundesliga
HOF,2018,49.01960784313726,50.98039215686274,Bundesliga
LEVK,2018,47.05882352941177,66.66666666666666,Bundesliga
M'G,2018,64.70588235294117,43.13725490196079,Bundesliga
MAI,2018,41.1764705882353,43.13725490196079,Bundesliga
NUR,2018,21.568627450980394,15.68627450980392,Bundesliga
RBL,2018,60.78431372549019,68.62745098039214,Bundesliga
SCH,2018,35.294117647058826,29.411764705882355,Bundesliga
STU,2018,27.45098039215686,27.45098039215686,Bundesliga
WERB,2018,43.13725490196079,60.78431372549019,Bundesliga
WOB,2018,54.90196078431372,52.94117647058824,Bundesliga
AUG,2019,45.09803921568628,25.49019607843137,Bundesliga
BAY,2019,64.70588235294117,96.07843137254902,Bundesliga
DOR,2019,58.82352941176471,76.47058823529412,Bundesliga
EINF,2019,35.294117647058826,52.94117647058824,Bundesliga
FORD,2019,29.411764705882355,29.411764705882355,Bundesliga
FRE,2019,50.98039215686274,43.13725490196079,Bundesliga
HERT,2019,37.25490196078432,43.13725490196079,Bundesliga
HOF,2019,52.94117647058824,49.01960784313726,Bundesliga
KOL,2019,33.33333333333333,37.25490196078432,Bundesliga
LEVK,2019,54.90196078431372,68.62745098039214,Bundesliga
M'G,2019,68.62745098039214,58.82352941176471,Bundesliga
MAI,2019,35.294117647058826,37.25490196078432,Bundesliga
PAD,2019,23.529411764705884,15.68627450980392,Bundesliga
RBL,2019,72.54901960784314,56.86274509803921,Bundesliga
SCH,2019,58.82352941176471,17.647058823529413,Bundesliga
UNI,2019,39.21568627450981,41.1764705882353,Bundesliga
WERB,2019,27.45098039215686,33.33333333333333,Bundesliga
WOB,2019,47.05882352941177,49.01960784313726,Bundesliga
AUG,2020,37.25490196078432,33.33333333333333,Bundesliga
BAY,2020,76.47058823529412,76.47058823529412,Bundesliga
BIE,2020,33.33333333333333,35.294117647058826,Bundesliga
DOR,2020,56.86274509803921,68.62745098039214,Bundesliga
EINF,2020,52.94117647058824,64.70588235294117,Bundesliga
FRE,2020,47.05882352941177,41.1764705882353,Bundesliga
HERT,2020,33.33333333333333,35.294117647058826,Bundesliga
HOF,2020,37.25490196078432,47.05882352941177,Bundesliga
KOL,2020,29.411764705882355,35.294117647058826,Bundesliga
LEVK,2020,62.74509803921568,39.21568627450981,Bundesliga
M'G,2020,54.90196078431372,41.1764705882353,Bundesliga
MAI,2020,13.72549019607843,62.74509803921568,Bundesliga
RBL,2020,68.62745098039214,58.82352941176471,Bundesliga
SCH,2020,13.72549019607843,17.647058823529413,Bundesliga
STU,2020,43.13725490196079,45.09803921568628,Bundesliga
UNI,2020,54.90196078431372,43.13725490196079,Bundesliga
WERB,2020,35.294117647058826,25.49019607843137,Bundesliga
WOB,2020,56.86274509803921,62.74509803921568,Bundesliga
AUG,2021,35.294117647058826,39.21568627450981,Bundesliga
BAY,2021,84.31372549019608,66.66666666666666,Bundesliga
BIE,2021,31.37254901960784,23.529411764705884,Bundesliga
BOC,2021,39.21568627450981,43.13725490196079,Bundesliga
DOR,2021,66.66666666666666,68.62745098039214,Bundesliga
EINF,2021,52.94117647058824,29.411764705882355,Bundesliga
FRE,2021,56.86274509803921,50.98039215686274,Bundesliga
GREF,2021,9.803921568627452,25.49019607843137,Bundesliga
HERT,2021,41.1764705882353,23.529411764705884,Bundesliga
HOF,2021,54.90196078431372,35.294117647058826,Bundesliga
KOL,2021,49.01960784313726,52.94117647058824,Bundesliga
LEVK,2021,54.90196078431372,70.58823529411765,Bundesliga
M'G,2021,37.25490196078432,50.98039215686274,Bundesliga
MAI,2021,47.05882352941177,43.13725490196079,Bundesliga
RBL,2021,43.13725490196079,70.58823529411765,Bundesliga
STU,2021,33.33333333333333,31.37254901960784,Bundesliga
UNI,2021,52.94117647058824,58.82352941176471,Bundesliga
WOB,2021,39.21568627450981,43.13725490196079,Bundesliga
AUG,2022,35.294117647058826,31.37254901960784,Bundesliga
BAY,2022,70.58823529411765,68.62745098039214,Bundesliga
BOC,2022,31.37254901960784,37.25490196078432,Bundesliga
DOR,2022,60.78431372549019,78.43137254901961,Bundesliga
EINF,2022,60.78431372549019,37.25490196078432,Bundesliga
FRE,2022,60.78431372549019,54.90196078431372,Bundesliga
HERT,2022,27.45098039215686,29.411764705882355,Bundesliga
HOF,2022,37.25490196078432,33.33333333333333,Bundesliga
KOL,2022,41.1764705882353,41.1764705882353,Bundesliga
LEVK,2022,47.05882352941177,50.98039215686274,Bundesliga
M'G,2022,43.13725490196079,41.1764705882353,Bundesliga
MAI,2022,39.21568627450981,50.98039215686274,Bundesliga
RBL,2022,62.74509803921568,66.66666666666666,Bundesliga
SCH,2022,17.647058823529413,43.13725490196079,Bundesliga
STU,2022,31.37254901960784,33.33333333333333,Bundesliga
UNI,2022,64.70588235294117,56.86274509803921,Bundesliga
WERB,2022,41.1764705882353,29.411764705882355,Bundesliga
WOB,2022,56.86274509803921,39.21568627450981,Bundesliga
AUG,2023,35.294117647058826,41.1764705882353,Bundesliga
BAY,2023,80.3921568627451,60.78431372549019,Bundesliga
BOC,2023,33.33333333333333,31.37254901960784,Bundesliga
DAR,2023,19.607843137254903,13.72549019607843,Bundesliga
DOR,2023,58.82352941176471,64.70588235294117,Bundesliga
EINF,2023,52.94117647058824,39.21568627450981,Bundesliga
FRE,2023,49.01960784313726,33.33333333333333,Bundesliga
HEI,2023,41.1764705882353,41.1764705882353,Bundesliga
HOF,2023,47.05882352941177,43.13725490196079,Bundesliga
KOL,2023,21.568627450980394,31.37254901960784,Bundesliga
LEVK,2023,88.23529411764706,88.23529411764706,Bundesliga
M'G,2023,39.21568627450981,27.45098039215686,Bundesliga
MAI,2023,21.568627450980394,47.05882352941177,Bundesliga
RBL,2023,64.70588235294117,62.74509803921568,Bundesliga
STU,2023,66.66666666666666,76.47058823529412,Bundesliga
UNI,2023,27.45098039215686,37.25490196078432,Bundesliga
WERB,2023,33.33333333333333,49.01960784313726,Bundesliga
WOB,2023,39.21568627450981,33.33333333333333,Bundesliga
AUG,2024,37.25490196078432,47.05882352941177,Bundesliga
BAY,2024,82.3529411764706,78.43137254901961,Bundesliga
BOC,2024,17.647058823529413,27.45098039215686,Bundesliga
DOR,2024,49.01960784313726,62.74509803921568,Bundesliga
EINF,2024,64.70588235294117,52.94117647058824,Bundesliga
FRE,2024,52.94117647058824,54.90196078431372,Bundesliga
HEI,2024,27.45098039215686,29.411764705882355,Bundesliga
HOF,2024,27.45098039215686,35.294117647058826,Bundesliga
HOLK,2024,21.568627450980394,27.45098039215686,Bundesliga
LEVK,2024,74.50980392156863,60.78431372549019,Bundesliga
M'G,2024,47.05882352941177,41.1764705882353,Bundesliga
MAI,2024,54.90196078431372,47.05882352941177,Bundesliga
RBL,2024,58.82352941176471,41.1764705882353,Bundesliga
STP,2024,27.45098039215686,35.294117647058826,Bundesliga
STU,2024,56.86274509803921,41.1764705882353,Bundesliga
UNI,2024,33.33333333333333,47.05882352941177,Bundesliga
WERB,2024,50.98039215686274,49.01960784313726,Bundesliga
WOB,2024,52.94117647058824,31.37254901960784,Bundesliga
ALA,2000,42.10526315789473,43.85964912280702,La Liga
ATHB,2000,45.6140350877193,29.82456140350877,La Liga
BARC,2000,63.1578947368421,47.368421052631575,La Liga
CEL,2000,35.08771929824561,68.42105263157895,La Liga
ESP,2000,42.10526315789473,45.6140350877193,La Liga
LAC,2000,64.91228070175438,63.1578947368421,La Liga
LASP,2000,49.122807017543856,31.57894736842105,La Liga
MALL,2000,54.385964912280706,70.17543859649122,La Liga
MLG,2000,47.368421052631575,50.877192982456144,La Liga
NUM,2000,33.33333333333333,35.08771929824561,La Liga
OSA,2000,29.82456140350877,43.85964912280702,La Liga
OVI,2000,42.10526315789473,29.82456140350877,La Liga
RAYO,2000,50.877192982456144,24.561403508771928,La Liga
RMA,2000,73.6842105263158,66.66666666666666,La Liga
RSO,2000,24.561403508771928,50.877192982456144,La Liga
SAN,2000,24.561403508771928,43.85964912280702,La Liga
VIL,2000,45.6140350877193,54.385964912280706,La Liga
VLC,2000,61.40350877192983,49.122807017543856,La Liga
VLLD,2000,38.59649122807018,35.08771929824561,La Liga
ZAR,2000,42.10526315789473,31.57894736842105,La Liga
ALA,2001,57.89473684210527,36.8421052631579,La Liga
ATHB,2001,54.385964912280706,38.59649122807018,La Liga
BARC,2001,52.63157894736842,59.64912280701754,La Liga
BET,2001,54.385964912280706,49.122807017543856,La Liga
CEL,2001,56.14035087719298,49.122807017543856,La Liga
ESP,2001,42.10526315789473,40.35087719298245,La Liga
LAC,2001,57.89473684210527,61.40350877192983,La Liga
LASP,2001,42.10526315789473,28.07017543859649,La Liga
MALL,2001,35.08771929824561,40.35087719298245,La Liga
MLG,2001,42.10526315789473,50.877192982456144,La Liga
OSA,2001,38.59649122807018,35.08771929824561,La Liga
RAYO,2001,24.561403508771928,61.40350877192983,La Liga
RMA,2001,61.40350877192983,54.385964912280706,La Liga
RSO,2001,33.33333333333333,49.122807017543856,La Liga
SEV,2001,47.368421052631575,45.6140350877193,La Liga
TEN,2001,36.8421052631579,29.82456140350877,La Liga
VIL,2001,38.59649122807018,36.8421052631579,La Liga
VLC,2001,57.89473684210527,73.6842105263158,La Liga
VLLD,2001,43.85964912280702,40.35087719298245,La Liga
ZAR,2001,40.35087719298245,24.561403508771928,La Liga
ALA,2002,42.10526315789473,19.29824561403509,La Liga
ATHB,2002,38.59649122807018,57.89473684210527,La Liga
ATHM,2002,43.85964912280702,38.59649122807018,La Liga
BARC,2002,40.35087719298245,57.89473684210527,La Liga
BET,2002,57.89473684210527,36.8421052631579,La Liga
CEL,2002,52.63157894736842,54.385964912280706,La Liga
ESP,2002,35.08771929824561,40.35087719298245,La Liga
LAC,2002,56.14035087719298,70.17543859649122,La Liga
MALL,2002,47.368421052631575,43.85964912280702,La Liga
MLG,2002,42.10526315789473,38.59649122807018,La Liga
OSA,2002,40.35087719298245,42.10526315789473,La Liga
RAYO,2002,31.57894736842105,24.561403508771928,La Liga
REC,2002,24.561403508771928,38.59649122807018,La Liga
RMA,2002,66.66666666666666,70.17543859649122,La Liga
RSO,2002,75.43859649122807,57.89473684210527,La Liga
SAN,2002,35.08771929824561,42.10526315789473,La Liga
SEV,2002,38.59649122807018,49.122807017543856,La Liga
VIL,2002,38.59649122807018,40.35087719298245,La Liga
VLC,2002,61.40350877192983,43.85964912280702,La Liga
VLLD,2002,42.10526315789473,38.59649122807018,La Liga
ALB,2003,35.08771929824561,47.368421052631575,La Liga
ATHB,2003,45.6140350877193,52.63157894736842,La Liga
ATHM,2003,54.385964912280706,42.10526315789473,La Liga
BARC,2003,47.368421052631575,78.94736842105262,La Liga
BET,2003,38.59649122807018,52.63157894736842,La Liga
CEL,2003,35.08771929824561,33.33333333333333,La Liga
ESP,2003,24.561403508771928,50.877192982456144,La Liga
LAC,2003,64.91228070175438,59.64912280701754,La Liga
MALL,2003,40.35087719298245,49.122807017543856,La Liga
MLG,2003,45.6140350877193,43.85964912280702,La Liga
MUR,2003,21.052631578947366,24.561403508771928,La Liga
OSA,2003,50.877192982456144,33.33333333333333,La Liga
RMA,2003,73.6842105263158,49.122807017543856,La Liga
RSO,2003,36.8421052631579,43.85964912280702,La Liga
SAN,2003,45.6140350877193,29.82456140350877,La Liga
SEV,2003,43.85964912280702,52.63157894736842,La Liga
VIL,2003,52.63157894736842,42.10526315789473,La Liga
VLC,2003,75.43859649122807,59.64912280701754,La Liga
VLLD,2003,43.85964912280702,28.07017543859649,La Liga
ZAR,2003,35.08771929824561,49.122807017543856,La Liga
ALA,2005,26.31578947368421,42.10526315789473,La Liga
ATHB,2005,26.31578947368421,52.63157894736842,La Liga
ATHM,2005,35.08771929824561,56.14035087719298,La Liga
BARC,2005,80.7017543859649,63.1578947368421,La Liga
BET,2005,33.33333333333333,40.35087719298245,La Liga
CAD,2005,35.08771929824561,28.07017543859649,La Liga
CEL,2005,52.63157894736842,59.64912280701754,La Liga
ESP,2005,36.8421052631579,35.08771929824561,La Liga
GET,2005,43.85964912280702,50.877192982456144,La Liga
LAC,2005,56.14035087719298,40.35087719298245,La Liga
MALL,2005,29.82456140350877,45.6140350877193,La Liga
MLG,2005,29.82456140350877,12.280701754385964,La Liga
OSA,2005,68.42105263157895,50.877192982456144,La Liga
RMA,2005,57.89473684210527,64.91228070175438,La Liga
RSO,2005,36.8421052631579,33.33333333333333,La Liga
SAN,2005,40.35087719298245,29.82456140350877,La Liga
SEV,2005,50.877192982456144,68.42105263157895,La Liga
VIL,2005,54.385964912280706,45.6140350877193,La Liga
VLC,2005,63.1578947368421,57.89473684210527,La Liga
ZAR,2005,47.368421052631575,33.33333333333333,La Liga
ALM,2007,40.35087719298245,50.877192982456144,La Liga
ATHB,2007,38.59649122807018,49.122807017543856,La Liga
ATHM,2007,64.91228070175438,47.368421052631575,La Liga
BARC,2007,70.17543859649122,47.368421052631575,La Liga
BET,2007,36.8421052631579,45.6140350877193,La Liga
ESP,2007,63.1578947368421,21.052631578947366,La Liga
GET,2007,36.8421052631579,45.6140350877193,La Liga
LAC,2007,29.82456140350877,61.40350877192983,La Liga
LEVA,2007,14.035087719298245,31.57894736842105,La Liga
MALL,2007,38.59649122807018,64.91228070175438,La Liga
MUR,2007,38.59649122807018,14.035087719298245,La Liga
OSA,2007,35.08771929824561,40.35087719298245,La Liga
REC,2007,36.8421052631579,40.35087719298245,La Liga
RMA,2007,82.45614035087719,66.66666666666666,La Liga
SAN,2007,56.14035087719298,49.122807017543856,La Liga
SEV,2007,45.6140350877193,66.66666666666666,La Liga
VIL,2007,61.40350877192983,73.6842105263158,La Liga
VLC,2007,47.368421052631575,42.10526315789473,La Liga
VLLD,2007,42.10526315789473,36.8421052631579,La Liga
ZAR,2007,38.59649122807018,35.08771929824561,La Liga
ALM,2008,36.8421052631579,43.85964912280702,La Liga
ATHB,2008,45.6140350877193,31.57894736842105,La Liga
ATHM,2008,54.385964912280706,63.1578947368421,La Liga
BARC,2008,87.71929824561404,64.91228070175438,La Liga
BET,2008,36.8421052631579,36.8421052631579,La Liga
ESP,2008,26.31578947368421,56.14035087719298,La Liga
GET,2008,36.8421052631579,36.8421052631579,La Liga
LAC,2008,52.63157894736842,49.122807017543856,La Liga
MALL,2008,24.561403508771928,64.91228070175438,La Liga
MLG,2008,54.385964912280706,42.10526315789473,La Liga
NUM,2008,35.08771929824561,26.31578947368421,La Liga
OSA,2008,22.80701754385965,52.63157894736842,La Liga
REC,2008,35.08771929824561,22.80701754385965,La Liga
RMA,2008,66.66666666666666,70.17543859649122,La Liga
SAN,2008,43.85964912280702,36.8421052631579,La Liga
SEV,2008,66.66666666666666,56.14035087719298,La Liga
SPG,2008,42.10526315789473,33.33333333333333,La Liga
VIL,2008,57.89473684210527,56.14035087719298,La Liga
VLC,2008,59.64912280701754,49.122807017543856,La Liga
VLLD,2008,40.35087719298245,35.08771929824561,La Liga
ALM,2009,31.57894736842105,42.10526315789473,La Liga
ATHB,2009,52.63157894736842,42.10526315789473,La Liga
ATHM,2009,40.35087719298245,42.10526315789473,La Liga
BARC,2009,85.96491228070175,87.71929824561404,La Liga
ESP,2009,35.08771929824561,42.10526315789473,La Liga
GET,2009,52.63157894736842,49.122807017543856,La Liga
LAC,2009,59.64912280701754,22.80701754385965,La Liga
MALL,2009,59.64912280701754,49.122807017543856,La Liga
MLG,2009,29.82456140350877,35.08771929824561,La Liga
OSA,2009,40.35087719298245,35.08771929824561,La Liga
RMA,2009,77.19298245614036,91.2280701754386,La Liga
SAN,2009,40.35087719298245,28.07017543859649,La Liga
SEV,2009,57.89473684210527,52.63157894736842,La Liga
SPG,2009,42.10526315789473,28.07017543859649,La Liga
TEN,2009,29.82456140350877,33.33333333333333,La Liga
VIL,2009,45.6140350877193,52.63157894736842,La Liga
VLC,2009,68.42105263157895,56.14035087719298,La Liga
VLLD,2009,29.82456140350877,33.33333333333333,La Liga
XER,2009,14.035087719298245,45.6140350877193,La Liga
ZAR,2009,24.561403508771928,47.368421052631575,La Liga
ALM,2010,24.561403508771928,28.07017543859649,La Liga
ATHB,2010,50.877192982456144,50.877192982456144,La Liga
ATHM,2010,52.63157894736842,49.122807017543856,La Liga
BARC,2010,91.2280701754386,77.19298245614036,La Liga
ESP,2010,59.64912280701754,26.31578947368421,La Liga
GET,2010,47.368421052631575,29.82456140350877,La Liga
HERC,2010,38.59649122807018,22.80701754385965,La Liga
LAC,2010,36.8421052631579,38.59649122807018,La Liga
LEVA,2010,26.31578947368421,52.63157894736842,La Liga
MALL,2010,47.368421052631575,29.82456140350877,La Liga
MLG,2010,29.82456140350877,50.877192982456144,La Liga
OSA,2010,31.57894736842105,50.877192982456144,La Liga
RMA,2010,84.21052631578947,77.19298245614036,La Liga
RSO,2010,43.85964912280702,35.08771929824561,La Liga
SAN,2010,35.08771929824561,45.6140350877193,La Liga
SEV,2010,45.6140350877193,56.14035087719298,La Liga
SPG,2010,28.07017543859649,54.385964912280706,La Liga
VIL,2010,68.42105263157895,40.35087719298245,La Liga
VLC,2010,64.91228070175438,59.64912280701754,La Liga
ZAR,2010,28.07017543859649,50.877192982456144,La Liga
ATHB,2011,45.6140350877193,40.35087719298245,La Liga
ATHM,2011,45.6140350877193,52.63157894736842,La Liga
BARC,2011,77.19298245614036,82.45614035087719,La Liga
BET,2011,40.35087719298245,42.10526315789473,La Liga
ESP,2011,49.122807017543856,31.57894736842105,La Liga
GET,2011,42.10526315789473,40.35087719298245,La Liga
GRA,2011,33.33333333333333,40.35087719298245,La Liga
LEVA,2011,54.385964912280706,42.10526315789473,La Liga
MALL,2011,38.59649122807018,52.63157894736842,La Liga
MLG,2011,43.85964912280702,57.89473684210527,La Liga
OSA,2011,47.368421052631575,47.368421052631575,La Liga
RAYO,2011,38.59649122807018,36.8421052631579,La Liga
RMA,2011,85.96491228070175,89.47368421052632,La Liga
RSO,2011,36.8421052631579,45.6140350877193,La Liga
SAN,2011,35.08771929824561,12.280701754385964,La Liga
SEV,2011,45.6140350877193,42.10526315789473,La Liga
SPG,2011,31.57894736842105,33.33333333333333,La Liga
VIL,2011,33.33333333333333,38.59649122807018,La Liga
VLC,2011,61.40350877192983,45.6140350877193,La Liga
ZAR,2011,21.052631578947366,54.385964912280706,La Liga
ATHB,2012,36.8421052631579,42.10526315789473,La Liga
ATHM,2012,77.19298245614036,56.14035087719298,La Liga
BARC,2012,96.49122807017544,78.94736842105262,La Liga
BET,2012,59.64912280701754,38.59649122807018,La Liga
CEL,2012,31.57894736842105,33.33333333333333,La Liga
ESP,2012,31.57894736842105,45.6140350877193,La Liga
GET,2012,43.85964912280702,38.59649122807018,La Liga
GRA,2012,29.82456140350877,43.85964912280702,La Liga
LAC,2012,28.07017543859649,33.33333333333333,La Liga
LEVA,2012,52.63157894736842,28.07017543859649,La Liga
MALL,2012,29.82456140350877,33.33333333333333,La Liga
MLG,2012,54.385964912280706,45.6140350877193,La Liga
OSA,2012,26.31578947368421,42.10526315789473,La Liga
RAYO,2012,54.385964912280706,38.59649122807018,La Liga
RMA,2012,64.91228070175438,84.21052631578947,La Liga
RSO,2012,45.6140350877193,70.17543859649122,La Liga
SEV,2012,38.59649122807018,49.122807017543856,La Liga
VLC,2012,52.63157894736842,61.40350877192983,La Liga
VLLD,2012,43.85964912280702,31.57894736842105,La Liga
ZAR,2012,38.59649122807018,21.052631578947366,La Liga
ALM,2013,33.33333333333333,36.8421052631579,La Liga
ATHB,2013,63.1578947368421,59.64912280701754,La Liga
ATHM,2013,87.71929824561404,70.17543859649122,La Liga
BARC,2013,87.71929824561404,64.91228070175438,La Liga
BET,2013,19.29824561403509,24.561403508771928,La Liga
CEL,2013,33.33333333333333,52.63157894736842,La Liga
ELC,2013,31.57894736842105,38.59649122807018,La Liga
ESP,2013,38.59649122807018,35.08771929824561,La Liga
GET,2013,40.35087719298245,33.33333333333333,La Liga
GRA,2013,40.35087719298245,31.57894736842105,La Liga
LEVA,2013,40.35087719298245,43.85964912280702,La Liga
MLG,2013,35.08771929824561,43.85964912280702,La Liga
OSA,2013,36.8421052631579,31.57894736842105,La Liga
RAYO,2013,28.07017543859649,47.368421052631575,La Liga
RMA,2013,82.45614035087719,70.17543859649122,La Liga
RSO,2013,56.14035087719298,47.368421052631575,La Liga
SEV,2013,52.63157894736842,57.89473684210527,La Liga
VIL,2013,59.64912280701754,43.85964912280702,La Liga
VLC,2013,40.35087719298245,45.6140350877193,La Liga
VLLD,2013,28.07017543859649,35.08771929824561,La Liga
ALM,2014,28.07017543859649,28.07017543859649,La Liga
ATHB,2014,33.33333333333333,63.1578947368421,La Liga
ATHM,2014,71.9298245614035,64.91228070175438,La Liga
BARC,2014,77.19298245614036,87.71929824561404,La Liga
CEL,2014,36.8421052631579,52.63157894736842,La Liga
COR,2014,31.57894736842105,3.508771929824561,La Liga
EIB,2014,47.368421052631575,14.035087719298245,La Liga
ELC,2014,29.82456140350877,42.10526315789473,La Liga
ESP,2014,40.35087719298245,45.6140350877193,La Liga
GET,2014,29.82456140350877,35.08771929824561,La Liga
GRA,2014,24.561403508771928,36.8421052631579,La Liga
LAC,2014,29.82456140350877,31.57894736842105,La Liga
LEVA,2014,28.07017543859649,36.8421052631579,La Liga
MLG,2014,54.385964912280706,33.33333333333333,La Liga
RAYO,2014,40.35087719298245,45.6140350877193,La Liga
RMA,2014,84.21052631578947,77.19298245614036,La Liga
RSO,2014,33.33333333333333,47.368421052631575,La Liga
SEV,2014,68.42105263157895,64.91228070175438,La Liga
VIL,2014,61.40350877192983,43.85964912280702,La Liga
VLC,2014,66.66666666666666,68.42105263157895,La Liga
ATHB,2015,49.122807017543856,59.64912280701754,La Liga
ATHM,2015,77.19298245614036,77.19298245614036,La Liga
BARC,2015,78.94736842105262,80.7017543859649,La Liga
BET,2015,35.08771929824561,43.85964912280702,La Liga
CEL,2015,54.385964912280706,50.877192982456144,La Liga
EIB,2015,52.63157894736842,22.80701754385965,La Liga
ESP,2015,36.8421052631579,38.59649122807018,La Liga
GET,2015,40.35087719298245,22.80701754385965,La Liga
GRA,2015,29.82456140350877,38.59649122807018,La Liga
LAC,2015,47.368421052631575,26.31578947368421,La Liga
LASP,2015,31.57894736842105,45.6140350877193,La Liga
LEVA,2015,24.561403508771928,31.57894736842105,La Liga
MLG,2015,42.10526315789473,42.10526315789473,La Liga
RAYO,2015,26.31578947368421,40.35087719298245,La Liga
RMA,2015,70.17543859649122,87.71929824561404,La Liga
RSO,2015,35.08771929824561,49.122807017543856,La Liga
SEV,2015,50.877192982456144,40.35087719298245,La Liga
SPG,2015,26.31578947368421,42.10526315789473,La Liga
VIL,2015,68.42105263157895,43.85964912280702,La Liga
VLC,2015,40.35087719298245,36.8421052631579,La Liga
ALA,2016,40.35087719298245,56.14035087719298,La Liga
ATHB,2016,50.877192982456144,59.64912280701754,La Liga
ATHM,2016,61.40350877192983,75.43859649122807,La Liga
BARC,2016,71.9298245614035,85.96491228070175,La Liga
BET,2016,38.59649122807018,29.82456140350877,La Liga
CEL,2016,47.368421052631575,31.57894736842105,La Liga
EIB,2016,45.6140350877193,49.122807017543856,La Liga
ESP,2016,45.6140350877193,52.63157894736842,La Liga
GRA,2016,17.543859649122805,17.543859649122805,La Liga
LAC,2016,33.33333333333333,29.82456140350877,La Liga
LASP,2016,43.85964912280702,24.561403508771928,La Liga
LEG,2016,31.57894736842105,29.82456140350877,La Liga
MLG,2016,36.8421052631579,43.85964912280702,La Liga
OSA,2016,15.789473684210526,22.80701754385965,La Liga
RMA,2016,80.7017543859649,82.45614035087719,La Liga
RSO,2016,61.40350877192983,50.877192982456144,La Liga
SEV,2016,73.6842105263158,52.63157894736842,La Liga
SPG,2016,22.80701754385965,31.57894736842105,La Liga
VIL,2016,54.385964912280706,63.1578947368421,La Liga
VLC,2016,33.33333333333333,47.368421052631575,La Liga
ALA,2017,31.57894736842105,50.877192982456144,La Liga
ATHB,2017,43.85964912280702,31.57894736842105,La Liga
ATHM,2017,73.6842105263158,64.91228070175438,La Liga
BARC,2017,89.47368421052632,73.6842105263158,La Liga
BET,2017,47.368421052631575,57.89473684210527,La Liga
CEL,2017,43.85964912280702,42.10526315789473,La Liga
EIB,2017,47.368421052631575,42.10526315789473,La Liga
ESP,2017,42.10526315789473,43.85964912280702,La Liga
GET,2017,45.6140350877193,50.877192982456144,La Liga
GIR,2017,45.6140350877193,43.85964912280702,La Liga
LAC,2017,28.07017543859649,22.80701754385965,La Liga
LASP,2017,19.29824561403509,19.29824561403509,La Liga
LEG,2017,43.85964912280702,31.57894736842105,La Liga
LEVA,2017,31.57894736842105,49.122807017543856,La Liga
MLG,2017,19.29824561403509,15.789473684210526,La Liga
RMA,2017,61.40350877192983,71.9298245614035,La Liga
RSO,2017,40.35087719298245,45.6140350877193,La Liga
SEV,2017,50.877192982456144,50.877192982456144,La Liga
VIL,2017,54.385964912280706,52.63157894736842,La Liga
VLC,2017,70.17543859649122,57.89473684210527,La Liga
ALA,2018,56.14035087719298,31.57894736842105,La Liga
ATHB,2018,38.59649122807018,54.385964912280706,La Liga
ATHM,2018,66.66666666666666,66.66666666666666,La Liga
BARC,2018,75.43859649122807,77.19298245614036,La Liga
BET,2018,45.6140350877193,42.10526315789473,La Liga
CEL,2018,36.8421052631579,35.08771929824561,La Liga
EIB,2018,38.59649122807018,43.85964912280702,La Liga
ESP,2018,42.10526315789473,50.877192982456144,La Liga
GET,2018,49.122807017543856,54.385964912280706,La Liga
GIR,2018,42.10526315789473,22.80701754385965,La Liga
HUE,2018,19.29824561403509,38.59649122807018,La Liga
LEG,2018,38.59649122807018,40.35087719298245,La Liga
LEVA,2018,40.35087719298245,36.8421052631579,La Liga
RAYO,2018,33.33333333333333,22.80701754385965,La Liga
RMA,2018,57.89473684210527,61.40350877192983,La Liga
RSO,2018,43.85964912280702,43.85964912280702,La Liga
SEV,2018,57.89473684210527,45.6140350877193,La Liga
VIL,2018,29.82456140350877,47.368421052631575,La Liga
VLC,2018,40.35087719298245,66.66666666666666,La Liga
VLLD,2018,38.59649122807018,33.33333333333333,La Liga
ALA,2019,35.08771929824561,33.33333333333333,La Liga
ATHB,2019,50.877192982456144,38.59649122807018,La Liga
ATHM,2019,61.40350877192983,61.40350877192983,La Liga
BARC,2019,70.17543859649122,73.6842105263158,La Liga
BET,2019,42.10526315789473,29.82456140350877,La Liga
CEL,2019,26.31578947368421,38.59649122807018,La Liga
EIB,2019,33.33333333333333,40.35087719298245,La Liga
ESP,2019,19.29824561403509,24.561403508771928,La Liga
GET,2019,52.63157894736842,42.10526315789473,La Liga
GRA,2019,47.368421052631575,50.877192982456144,La Liga
LEG,2019,24.561403508771928,38.59649122807018,La Liga
LEVA,2019,45.6140350877193,40.35087719298245,La Liga
MALL,2019,26.31578947368421,31.57894736842105,La Liga
OSA,2019,42.10526315789473,49.122807017543856,La Liga
RMA,2019,70.17543859649122,82.45614035087719,La Liga
RSO,2019,54.385964912280706,43.85964912280702,La Liga
SEV,2019,61.40350877192983,61.40350877192983,La Liga
VIL,2019,49.122807017543856,56.14035087719298,La Liga
VLC,2019,54.385964912280706,38.59649122807018,La Liga
VLLD,2019,36.8421052631579,36.8421052631579,La Liga
ALA,2020,31.57894736842105,35.08771929824561,La Liga
ATHB,2020,42.10526315789473,38.59649122807018,La Liga
ATHM,2020,87.71929824561404,63.1578947368421,La Liga
BARC,2020,64.91228070175438,73.6842105263158,La Liga
BET,2020,45.6140350877193,61.40350877192983,La Liga
CAD,2020,42.10526315789473,35.08771929824561,La Liga
CEL,2020,40.35087719298245,52.63157894736842,La Liga
EIB,2020,33.33333333333333,19.29824561403509,La Liga
ELC,2020,29.82456140350877,33.33333333333333,La Liga
GET,2020,40.35087719298245,26.31578947368421,La Liga
GRA,2020,49.122807017543856,31.57894736842105,La Liga
HUE,2020,21.052631578947366,38.59649122807018,La Liga
LEVA,2020,40.35087719298245,31.57894736842105,La Liga
OSA,2020,28.07017543859649,49.122807017543856,La Liga
RMA,2020,70.17543859649122,77.19298245614036,La Liga
RSO,2020,52.63157894736842,56.14035087719298,La Liga
SEV,2020,63.1578947368421,71.9298245614035,La Liga
VIL,2020,57.89473684210527,43.85964912280702,La Liga
VLC,2020,35.08771929824561,40.35087719298245,La Liga
VLLD,2020,33.33333333333333,21.052631578947366,La Liga
ALA,2021,28.07017543859649,26.31578947368421,La Liga
ATHB,2021,42.10526315789473,54.385964912280706,La Liga
ATHM,2021,56.14035087719298,68.42105263157895,La Liga
BARC,2021,54.385964912280706,73.6842105263158,La Liga
BET,2021,57.89473684210527,56.14035087719298,La Liga
CAD,2021,24.561403508771928,43.85964912280702,La Liga
CEL,2021,40.35087719298245,40.35087719298245,La Liga
ELC,2021,28.07017543859649,45.6140350877193,La Liga
ESP,2021,45.6140350877193,28.07017543859649,La Liga
GET,2021,31.57894736842105,36.8421052631579,La Liga
GRA,2021,40.35087719298245,26.31578947368421,La Liga
LEVA,2021,14.035087719298245,47.368421052631575,La Liga
MALL,2021,35.08771929824561,33.33333333333333,La Liga
OSA,2021,38.59649122807018,43.85964912280702,La Liga
RAYO,2021,52.63157894736842,21.052631578947366,La Liga
RMA,2021,80.7017543859649,70.17543859649122,La Liga
RSO,2021,52.63157894736842,56.14035087719298,La Liga
SEV,2021,71.9298245614035,50.877192982456144,La Liga
VIL,2021,49.122807017543856,54.385964912280706,La Liga
VLC,2021,49.122807017543856,35.08771929824561,La Liga
ALM,2022,38.59649122807018,33.33333333333333,La Liga
ATHB,2022,45.6140350877193,43.85964912280702,La Liga
ATHM,2022,59.64912280701754,75.43859649122807,La Liga
BARC,2022,87.71929824561404,66.66666666666666,La Liga
BET,2022,54.385964912280706,50.877192982456144,La Liga
CAD,2022,33.33333333333333,40.35087719298245,La Liga
CEL,2022,35.08771929824561,40.35087719298245,La Liga
ELC,2022,10.526315789473683,33.33333333333333,La Liga
ESP,2022,35.08771929824561,29.82456140350877,La Liga
GET,2022,29.82456140350877,43.85964912280702,La Liga
GIR,2022,36.8421052631579,49.122807017543856,La Liga
MALL,2022,43.85964912280702,43.85964912280702,La Liga
OSA,2022,49.122807017543856,43.85964912280702,La Liga
RAYO,2022,50.877192982456144,35.08771929824561,La Liga
RMA,2022,78.94736842105262,57.89473684210527,La Liga
RSO,2022,68.42105263157895,56.14035087719298,La Liga
SEV,2022,36.8421052631579,49.122807017543856,La Liga
VIL,2022,54.385964912280706,57.89473684210527,La Liga
VLC,2022,35.08771929824561,38.59649122807018,La Liga
VLLD,2022,35.08771929824561,35.08771929824561,La Liga
ALA,2023,29.82456140350877,50.877192982456144,La Liga
ALM,2023,8.771929824561402,28.07017543859649,La Liga
ATHB,2023,66.66666666666666,52.63157894736842,La Liga
ATHM,2023,66.66666666666666,66.66666666666666,La Liga
BARC,2023,71.9298245614035,77.19298245614036,La Liga
BET,2023,49.122807017543856,50.877192982456144,La Liga
CAD,2023,26.31578947368421,31.57894736842105,La Liga
CEL,2023,28.07017543859649,43.85964912280702,La Liga
GET,2023,45.6140350877193,29.82456140350877,La Liga
GIR,2023,84.21052631578947,57.89473684210527,La Liga
GRA,2023,19.29824561403509,17.543859649122805,La Liga
LASP,2023,43.85964912280702,26.31578947368421,La Liga
MALL,2023,31.57894736842105,38.59649122807018,La Liga
OSA,2023,38.59649122807018,40.35087719298245,La Liga
RAYO,2023,40.35087719298245,26.31578947368421,La Liga
RMA,2023,84.21052631578947,82.45614035087719,La Liga
RSO,2023,56.14035087719298,49.122807017543856,La Liga
SEV,2023,28.07017543859649,43.85964912280702,La Liga
VIL,2023,33.33333333333333,59.64912280701754,La Liga
VLC,2023,45.6140350877193,40.35087719298245,La Liga
ALA,2024,29.82456140350877,43.85964912280702,La Liga
ATHB,2024,63.1578947368421,59.64912280701754,La Liga
ATHM,2024,77.19298245614036,56.14035087719298,La Liga
BARC,2024,66.66666666666666,87.71929824561404,La Liga
BET,2024,43.85964912280702,61.40350877192983,La Liga
CEL,2024,42.10526315789473,54.385964912280706,La Liga
ESP,2024,28.07017543859649,45.6140350877193,La Liga
GET,2024,33.33333333333333,40.35087719298245,La Liga
GIR,2024,49.122807017543856,22.80701754385965,La Liga
LASP,2024,38.59649122807018,17.543859649122805,La Liga
LEG,2024,33.33333333333333,36.8421052631579,La Liga
MALL,2024,52.63157894736842,31.57894736842105,La Liga
OSA,2024,43.85964912280702,47.368421052631575,La Liga
RAYO,2024,43.85964912280702,47.368421052631575,La Liga
RMA,2024,75.43859649122807,71.9298245614035,La Liga
RSO,2024,49.122807017543856,31.57894736842105,La Liga
SEV,2024,40.35087719298245,31.57894736842105,La Liga
VIL,2024,52.63157894736842,70.17543859649122,La Liga
VLC,2024,22.80701754385965,57.89473684210527,La Liga
VLLD,2024,26.31578947368421,1.7543859649122806,La Liga
ARS,2001,63.1578947368421,89.47368421052632,Premier League
AVL,2001,47.368421052631575,40.35087719298245,Premier League
BLBN,2001,38.59649122807018,42.10526315789473,Premier League
BOLN,2001,36.8421052631579,33.33333333333333,Premier League
CHA,2001,40.35087719298245,36.8421052631579,Premier League
CHE,2001,52.63157894736842,59.64912280701754,Premier League
DER,2001,28.07017543859649,24.561403508771928,Premier League
EVE,2001,40.35087719298245,35.08771929824561,Premier League
FUL,2001,42.10526315789473,35.08771929824561,Premier League
IPS,2001,26.31578947368421,36.8421052631579,Premier League
LEE,2001,61.40350877192983,54.385964912280706,Premier League
LEIC,2001,26.31578947368421,22.80701754385965,Premier League
LIVP,2001,64.91228070175438,75.43859649122807,Premier League
MANU,2001,57.89473684210527,77.19298245614036,Premier League
MID,2001,33.33333333333333,45.6140350877193,Premier League
NEW,2001,68.42105263157895,56.14035087719298,Premier League
SOU,2001,33.33333333333333,45.6140350877193,Premier League
SUN,2001,45.6140350877193,24.561403508771928,Premier League
TOT,2001,47.368421052631575,40.35087719298245,Premier League
WHU,2001,42.10526315789473,50.877192982456144,Premier League
ARS,2002,68.42105263157895,68.42105263157895,Premier League
AVL,2002,38.59649122807018,40.35087719298245,Premier League
BIR,2002,42.10526315789473,42.10526315789473,Premier League
BLBN,2002,47.368421052631575,57.89473684210527,Premier League
BOLN,2002,31.57894736842105,45.6140350877193,Premier League
CHA,2002,43.85964912280702,42.10526315789473,Premier League
CHE,2002,64.91228070175438,52.63157894736842,Premier League
EVE,2002,57.89473684210527,45.6140350877193,Premier League
FUL,2002,38.59649122807018,45.6140350877193,Premier League
LEE,2002,36.8421052631579,45.6140350877193,Premier League
LIVP,2002,56.14035087719298,56.14035087719298,Premier League
MANC,2002,42.10526315789473,47.368421052631575,Premier League
MANU,2002,61.40350877192983,84.21052631578947,Premier League
MID,2002,45.6140350877193,40.35087719298245,Premier League
NEW,2002,56.14035087719298,64.91228070175438,Premier League
SOU,2002,49.122807017543856,42.10526315789473,Premier League
SUN,2002,31.57894736842105,1.7543859649122806,Premier League
TOT,2002,54.385964912280706,33.33333333333333,Premier League
WBA,2002,28.07017543859649,17.543859649122805,Premier League
WHU,2002,24.561403508771928,49.122807017543856,Premier League
ARS,2005,57.89473684210527,59.64912280701754,Premier League
AVL,2005,36.8421052631579,36.8421052631579,Premier League
BIR,2005,22.80701754385965,36.8421052631579,Premier League
BLBN,2005,47.368421052631575,63.1578947368421,Premier League
BOLN,2005,56.14035087719298,42.10526315789473,Premier League
CHA,2005,43.85964912280702,38.59649122807018,Premier League
CHE,2005,91.2280701754386,68.42105263157895,Premier League
EVE,2005,29.82456140350877,57.89473684210527,Premier League
FUL,2005,35.08771929824561,49.122807017543856,Premier League
LIVP,2005,71.9298245614035,71.9298245614035,Premier League
MANC,2005,47.368421052631575,28.07017543859649,Premier League
MANU,2005,71.9298245614035,73.6842105263158,Premier League
MID,2005,36.8421052631579,42.10526315789473,Premier League
NEW,2005,43.85964912280702,57.89473684210527,Premier League
POR,2005,24.561403508771928,42.10526315789473,Premier League
SUN,2005,10.526315789473683,15.789473684210526,Premier League
TOT,2005,59.64912280701754,54.385964912280706,Premier League
WBA,2005,33.33333333333333,19.29824561403509,Premier League
WHU,2005,45.6140350877193,50.877192982456144,Premier League
WIG,2005,59.64912280701754,29.82456140350877,Premier League
ARS,2006,57.89473684210527,61.40350877192983,Premier League
AVL,2006,43.85964912280702,43.85964912280702,Premier League
BLBN,2006,38.59649122807018,52.63157894736842,Premier League
BOLN,2006,57.89473684210527,40.35087719298245,Premier League
CHA,2006,21.052631578947366,38.59649122807018,Premier League
CHE,2006,78.94736842105262,66.66666666666666,Premier League
EVE,2006,47.368421052631575,54.385964912280706,Premier League
FUL,2006,42.10526315789473,26.31578947368421,Premier League
LIVP,2006,59.64912280701754,59.64912280701754,Premier League
MANC,2006,35.08771929824561,38.59649122807018,Premier League
MANU,2006,82.45614035087719,73.6842105263158,Premier League
MID,2006,35.08771929824561,45.6140350877193,Premier League
NEW,2006,43.85964912280702,31.57894736842105,Premier League
POR,2006,56.14035087719298,38.59649122807018,Premier League
REA,2006,45.6140350877193,50.877192982456144,Premier League
SHU,2006,35.08771929824561,31.57894736842105,Premier League
TOT,2006,49.122807017543856,56.14035087719298,Premier League
WAT,2006,19.29824561403509,29.82456140350877,Premier League
WHU,2006,31.57894736842105,40.35087719298245,Premier League
WIG,2006,38.59649122807018,28.07017543859649,Premier League
ARS,2007,77.19298245614036,68.42105263157895,Premier League
AVL,2007,52.63157894736842,52.63157894736842,Premier League
BIR,2007,31.57894736842105,29.82456140350877,Premier League
BLBN,2007,47.368421052631575,54.385964912280706,Premier League
BOLN,2007,29.82456140350877,35.08771929824561,Premier League
CHE,2007,66.66666666666666,82.45614035087719,Premier League
DER,2007,12.280701754385964,7.017543859649122,Premier League
EVE,2007,57.89473684210527,56.14035087719298,Premier League
FUL,2007,24.561403508771928,38.59649122807018,Premier League
LIVP,2007,64.91228070175438,68.42105263157895,Premier League
MANC,2007,61.40350877192983,35.08771929824561,Premier League
MANU,2007,78.94736842105262,73.6842105263158,Premier League
MID,2007,29.82456140350877,43.85964912280702,Premier League
NEW,2007,45.6140350877193,29.82456140350877,Premier League
POR,2007,54.385964912280706,45.6140350877193,Premier League
REA,2007,38.59649122807018,24.561403508771928,Premier League
SUN,2007,24.561403508771928,43.85964912280702,Premier League
TOT,2007,36.8421052631579,43.85964912280702,Premier League
WHU,2007,50.877192982456144,35.08771929824561,Premier League
WIG,2007,28.07017543859649,42.10526315789473,Premier League
ARS,2008,56.14035087719298,70.17543859649122,Premier League
AVL,2008,61.40350877192983,47.368421052631575,Premier League
BLBN,2008,29.82456140350877,42.10526315789473,Premier League
BOLN,2008,40.35087719298245,31.57894736842105,Premier League
CHE,2008,71.9298245614035,73.6842105263158,Premier League
EVE,2008,50.877192982456144,59.64912280701754,Premier League
FUL,2008,45.6140350877193,47.368421052631575,Premier League
HUL,2008,47.368421052631575,14.035087719298245,Premier League
LIVP,2008,73.6842105263158,77.19298245614036,Premier League
MANC,2008,36.8421052631579,50.877192982456144,Premier League
MANU,2008,71.9298245614035,85.96491228070175,Premier League
MID,2008,35.08771929824561,21.052631578947366,Premier League
NEW,2008,38.59649122807018,21.052631578947366,Premier League
POR,2008,40.35087719298245,31.57894736842105,Premier League
STO,2008,35.08771929824561,43.85964912280702,Premier League
SUN,2008,38.59649122807018,24.561403508771928,Premier League
TOT,2008,35.08771929824561,54.385964912280706,Premier League
WBA,2008,26.31578947368421,29.82456140350877,Premier League
WHU,2008,38.59649122807018,50.877192982456144,Premier League
WIG,2008,49.122807017543856,29.82456140350877,Premier League
ARS,2009,71.9298245614035,59.64912280701754,Premier League
AVL,2009,61.40350877192983,50.877192982456144,Premier League
BIR,2009,50.877192982456144,36.8421052631579,Premier League
BLBN,2009,35.08771929824561,52.63157894736842,Premier League
BOLN,2009,31.57894736842105,36.8421052631579,Premier League
BUR,2009,35.08771929824561,17.543859649122805,Premier League
CHE,2009,73.6842105263158,77.19298245614036,Premier League
EVE,2009,38.59649122807018,68.42105263157895,Premier League
FUL,2009,47.368421052631575,33.33333333333333,Premier League
HUL,2009,29.82456140350877,22.80701754385965,Premier League
LIVP,2009,52.63157894736842,57.89473684210527,Premier League
MANC,2009,61.40350877192983,56.14035087719298,Premier League
MANU,2009,70.17543859649122,78.94736842105262,Premier League
POR,2009,24.561403508771928,24.561403508771928,Premier League
STO,2009,36.8421052631579,45.6140350877193,Premier League
SUN,2009,38.59649122807018,38.59649122807018,Premier League
TOT,2009,59.64912280701754,63.1578947368421,Premier League
WHU,2009,31.57894736842105,29.82456140350877,Premier League
WIG,2009,33.33333333333333,29.82456140350877,Premier League
WOLV,2009,33.33333333333333,33.33333333333333,Premier League
ARS,2010,63.1578947368421,56.14035087719298,Premier League
AVL,2010,35.08771929824561,49.122807017543856,Premier League
BIR,2010,33.33333333333333,35.08771929824561,Premier League
BLBN,2010,38.59649122807018,36.8421052631579,Premier League
BLPL,2010,43.85964912280702,24.561403508771928,Premier League
BOLN,2010,50.877192982456144,29.82456140350877,Premier League
CHE,2010,59.64912280701754,64.91228070175438,Premier League
EVE,2010,38.59649122807018,56.14035087719298,Premier League
FUL,2010,33.33333333333333,52.63157894736842,Premier League
LIVP,2010,43.85964912280702,57.89473684210527,Premier League
MANC,2010,61.40350877192983,63.1578947368421,Premier League
MANU,2010,71.9298245614035,68.42105263157895,Premier League
NEW,2010,38.59649122807018,42.10526315789473,Premier League
STO,2010,42.10526315789473,38.59649122807018,Premier League
SUN,2010,47.368421052631575,35.08771929824561,Premier League
TOT,2010,57.89473684210527,50.877192982456144,Premier League
WBA,2010,38.59649122807018,43.85964912280702,Premier League
WHU,2010,28.07017543859649,29.82456140350877,Premier League
WIG,2010,35.08771929824561,38.59649122807018,Premier League
WOLV,2010,31.57894736842105,38.59649122807018,Premier League
ARS,2011,63.1578947368421,59.64912280701754,Premier League
AVL,2011,40.35087719298245,26.31578947368421,Premier League
BLBN,2011,24.561403508771928,29.82456140350877,Premier League
BOLN,2011,22.80701754385965,40.35087719298245,Premier League
CHE,2011,59.64912280701754,52.63157894736842,Premier League
EVE,2011,42.10526315789473,56.14035087719298,Premier League
FUL,2011,35.08771929824561,56.14035087719298,Premier League
LIVP,2011,59.64912280701754,31.57894736842105,Premier League
MANC,2011,78.94736842105262,77.19298245614036,Premier League
MANU,2011,78.94736842105262,77.19298245614036,Premier League
NEW,2011,52.63157894736842,61.40350877192983,Premier League
NOR,2011,38.59649122807018,43.85964912280702,Premier League
QPR,2011,29.82456140350877,35.08771929824561,Premier League
STO,2011,45.6140350877193,33.33333333333333,Premier League
SUN,2011,36.8421052631579,42.10526315789473,Premier League
SWA,2011,35.08771929824561,47.368421052631575,Premier League
TOT,2011,73.6842105263158,47.368421052631575,Premier League
WBA,2011,38.59649122807018,43.85964912280702,Premier League
WIG,2011,26.31578947368421,49.122807017543856,Premier League
WOLV,2011,29.82456140350877,14.035087719298245,Premier League
ARS,2012,57.89473684210527,70.17543859649122,Premier League
AVL,2012,31.57894736842105,40.35087719298245,Premier League
CHE,2012,66.66666666666666,64.91228070175438,Premier League
EVE,2012,57.89473684210527,52.63157894736842,Premier League
FUL,2012,36.8421052631579,38.59649122807018,Premier League
LIVP,2012,43.85964912280702,63.1578947368421,Premier League
MANC,2012,68.42105263157895,68.42105263157895,Premier League
MANU,2012,80.7017543859649,75.43859649122807,Premier League
NEW,2012,35.08771929824561,36.8421052631579,Premier League
NOR,2012,43.85964912280702,33.33333333333333,Premier League
QPR,2012,17.543859649122805,26.31578947368421,Premier League
REA,2012,17.543859649122805,31.57894736842105,Premier League
SOU,2012,29.82456140350877,42.10526315789473,Premier League
STO,2012,49.122807017543856,24.561403508771928,Premier League
SUN,2012,38.59649122807018,29.82456140350877,Premier League
SWA,2012,43.85964912280702,36.8421052631579,Premier League
TOT,2012,57.89473684210527,68.42105263157895,Premier League
WBA,2012,57.89473684210527,28.07017543859649,Premier League
WHU,2012,40.35087719298245,40.35087719298245,Premier League
WIG,2012,26.31578947368421,36.8421052631579,Premier League
ARS,2013,73.6842105263158,64.91228070175438,Premier League
AVL,2013,35.08771929824561,31.57894736842105,Premier League
CARD,2013,31.57894736842105,21.052631578947366,Premier League
CHE,2013,70.17543859649122,73.6842105263158,Premier League
CRY,2013,28.07017543859649,50.877192982456144,Premier League
EVE,2013,64.91228070175438,61.40350877192983,Premier League
FUL,2013,28.07017543859649,28.07017543859649,Premier League
HUL,2013,40.35087719298245,24.561403508771928,Premier League
LIVP,2013,63.1578947368421,84.21052631578947,Premier League
MANC,2013,71.9298245614035,78.94736842105262,Premier League
MANU,2013,59.64912280701754,52.63157894736842,Premier League
NEW,2013,57.89473684210527,28.07017543859649,Premier League
NOR,2013,33.33333333333333,24.561403508771928,Premier League
SOU,2013,47.368421052631575,50.877192982456144,Premier League
STO,2013,36.8421052631579,50.877192982456144,Premier League
SUN,2013,24.561403508771928,42.10526315789473,Premier League
SWA,2013,36.8421052631579,36.8421052631579,Premier League
TOT,2013,59.64912280701754,61.40350877192983,Premier League
WBA,2013,31.57894736842105,31.57894736842105,Premier League
WHU,2013,26.31578947368421,43.85964912280702,Premier League
ARS,2014,57.89473684210527,73.6842105263158,Premier League
AVL,2014,36.8421052631579,29.82456140350877,Premier League
BUR,2014,28.07017543859649,29.82456140350877,Premier League
CHE,2014,80.7017543859649,71.9298245614035,Premier League
CRY,2014,28.07017543859649,56.14035087719298,Premier League
EVE,2014,36.8421052631579,45.6140350877193,Premier League
HUL,2014,28.07017543859649,33.33333333333333,Premier League
LEIC,2014,22.80701754385965,49.122807017543856,Premier League
LIVP,2014,49.122807017543856,59.64912280701754,Premier League
MANC,2014,75.43859649122807,63.1578947368421,Premier League
MANU,2014,63.1578947368421,59.64912280701754,Premier League
NEW,2014,45.6140350877193,22.80701754385965,Premier League
QPR,2014,31.57894736842105,21.052631578947366,Premier League
SOU,2014,57.89473684210527,47.368421052631575,Premier League
STO,2014,43.85964912280702,50.877192982456144,Premier League
SUN,2014,35.08771929824561,31.57894736842105,Premier League
SWA,2014,49.122807017543856,49.122807017543856,Premier League
TOT,2014,54.385964912280706,57.89473684210527,Premier League
WBA,2014,29.82456140350877,47.368421052631575,Premier League
WHU,2014,54.385964912280706,28.07017543859649,Premier League
ARS,2015,68.42105263157895,56.14035087719298,Premier League
AVL,2015,14.035087719298245,15.789473684210526,Premier League
BOU,2015,35.08771929824561,38.59649122807018,Premier League
CHE,2015,35.08771929824561,52.63157894736842,Premier League
CRY,2015,54.385964912280706,19.29824561403509,Premier League
EVE,2015,45.6140350877193,36.8421052631579,Premier League
LEIC,2015,68.42105263157895,73.6842105263158,Premier League
LIVP,2015,52.63157894736842,52.63157894736842,Premier League
MANC,2015,63.1578947368421,52.63157894736842,Premier League
MANU,2015,52.63157894736842,63.1578947368421,Premier League
NEW,2015,29.82456140350877,35.08771929824561,Premier League
NOR,2015,35.08771929824561,24.561403508771928,Premier League
SOU,2015,42.10526315789473,68.42105263157895,Premier League
STO,2015,50.877192982456144,38.59649122807018,Premier League
SUN,2015,21.052631578947366,47.368421052631575,Premier League
SWA,2015,33.33333333333333,49.122807017543856,Premier League
TOT,2015,61.40350877192983,61.40350877192983,Premier League
WAT,2015,50.877192982456144,28.07017543859649,Premier League
WBA,2015,40.35087719298245,35.08771929824561,Premier League
WHU,2015,50.877192982456144,57.89473684210527,Premier League
ARS,2016,70.17543859649122,61.40350877192983,Premier League
BOU,2016,42.10526315789473,38.59649122807018,Premier League
BUR,2016,40.35087719298245,29.82456140350877,Premier League
CHE,2016,85.96491228070175,77.19298245614036,Premier League
CRY,2016,28.07017543859649,43.85964912280702,Premier League
EVE,2016,47.368421052631575,59.64912280701754,Premier League
HUL,2016,22.80701754385965,36.8421052631579,Premier League
LEIC,2016,35.08771929824561,42.10526315789473,Premier League
LIVP,2016,75.43859649122807,57.89473684210527,Premier League
MANC,2016,68.42105263157895,68.42105263157895,Premier League
MANU,2016,63.1578947368421,57.89473684210527,Premier League
MID,2016,31.57894736842105,17.543859649122805,Premier League
SOU,2016,42.10526315789473,38.59649122807018,Premier League
STO,2016,36.8421052631579,40.35087719298245,Premier League
SUN,2016,24.561403508771928,17.543859649122805,Premier League
SWA,2016,21.052631578947366,50.877192982456144,Premier League
TOT,2016,68.42105263157895,82.45614035087719,Premier League
WAT,2016,38.59649122807018,31.57894736842105,Premier League
WBA,2016,45.6140350877193,33.33333333333333,Premier League
WHU,2016,38.59649122807018,40.35087719298245,Premier League
ARS,2017,59.64912280701754,50.877192982456144,Premier League
BHA,2017,36.8421052631579,33.33333333333333,Premier League
BOU,2017,28.07017543859649,49.122807017543856,Premier League
BUR,2017,56.14035087719298,38.59649122807018,Premier League
CHE,2017,68.42105263157895,54.385964912280706,Premier League
CRY,2017,31.57894736842105,45.6140350877193,Premier League
EVE,2017,45.6140350877193,40.35087719298245,Premier League
HUD,2017,38.59649122807018,26.31578947368421,Premier League
LEIC,2017,47.368421052631575,35.08771929824561,Premier League
LIVP,2017,61.40350877192983,70.17543859649122,Premier League
MANC,2017,96.49122807017544,78.94736842105262,Premier League
MANU,2017,73.6842105263158,68.42105263157895,Premier League
NEW,2017,31.57894736842105,45.6140350877193,Premier League
SOU,2017,33.33333333333333,29.82456140350877,Premier League
STO,2017,33.33333333333333,24.561403508771928,Premier League
SWA,2017,22.80701754385965,35.08771929824561,Premier League
TOT,2017,59.64912280701754,75.43859649122807,Premier League
WAT,2017,38.59649122807018,33.33333333333333,Premier League
WBA,2017,24.561403508771928,29.82456140350877,Premier League
WHU,2017,29.82456140350877,43.85964912280702,Premier League
ARS,2018,66.66666666666666,56.14035087719298,Premier League
BHA,2018,38.59649122807018,24.561403508771928,Premier League
BOU,2018,45.6140350877193,33.33333333333333,Premier League
BUR,2018,21.052631578947366,49.122807017543856,Premier League
CARD,2018,26.31578947368421,33.33333333333333,Premier League
CHE,2018,70.17543859649122,56.14035087719298,Premier League
CRY,2018,33.33333333333333,52.63157894736842,Premier League
EVE,2018,47.368421052631575,47.368421052631575,Premier League
FUL,2018,19.29824561403509,26.31578947368421,Premier League
HUD,2018,17.543859649122805,10.526315789473683,Premier League
LEIC,2018,49.122807017543856,42.10526315789473,Premier League
LIVP,2018,89.47368421052632,80.7017543859649,Premier League
MANC,2018,77.19298245614036,94.73684210526316,Premier League
MANU,2018,56.14035087719298,59.64912280701754,Premier League
NEW,2018,29.82456140350877,49.122807017543856,Premier League
SOU,2018,26.31578947368421,42.10526315789473,Premier League
TOT,2018,78.94736842105262,45.6140350877193,Premier League
WAT,2018,47.368421052631575,40.35087719298245,Premier League
WHU,2018,47.368421052631575,43.85964912280702,Premier League
WOLV,2018,45.6140350877193,54.385964912280706,Premier League
ARS,2019,42.10526315789473,56.14035087719298,Premier League
AVL,2019,31.57894736842105,29.82456140350877,Premier League
BHA,2019,35.08771929824561,36.8421052631579,Premier League
BOU,2019,35.08771929824561,24.561403508771928,Premier League
BUR,2019,42.10526315789473,52.63157894736842,Premier League
CHE,2019,56.14035087719298,59.64912280701754,Premier League
CRY,2019,45.6140350877193,29.82456140350877,Premier League
EVE,2019,38.59649122807018,47.368421052631575,Premier League
LEIC,2019,68.42105263157895,40.35087719298245,Premier League
LIVP,2019,96.49122807017544,77.19298245614036,Premier League
MANC,2019,66.66666666666666,75.43859649122807,Premier League
MANU,2019,49.122807017543856,66.66666666666666,Premier League
NEW,2019,43.85964912280702,33.33333333333333,Premier League
NOR,2019,21.052631578947366,15.789473684210526,Premier League
SHU,2019,50.877192982456144,43.85964912280702,Premier League
SOU,2019,36.8421052631579,54.385964912280706,Premier League
TOT,2019,50.877192982456144,52.63157894736842,Premier League
WAT,2019,22.80701754385965,36.8421052631579,Premier League
WHU,2019,33.33333333333333,35.08771929824561,Premier League
WOLV,2019,52.63157894736842,50.877192982456144,Premier League
ARS,2020,47.368421052631575,59.64912280701754,Premier League
AVL,2020,56.14035087719298,40.35087719298245,Premier League
BHA,2020,29.82456140350877,42.10526315789473,Premier League
BUR,2020,38.59649122807018,29.82456140350877,Premier League
CHE,2020,50.877192982456144,66.66666666666666,Premier League
CRY,2020,40.35087719298245,36.8421052631579,Premier League
EVE,2020,57.89473684210527,45.6140350877193,Premier League
FUL,2020,22.80701754385965,26.31578947368421,Premier League
LEE,2020,45.6140350877193,57.89473684210527,Premier League
LEIC,2020,66.66666666666666,49.122807017543856,Premier League
LIVP,2020,59.64912280701754,61.40350877192983,Premier League
MANC,2020,71.9298245614035,78.94736842105262,Premier League
MANU,2020,70.17543859649122,59.64912280701754,Premier League
NEW,2020,33.33333333333333,45.6140350877193,Premier League
SHU,2020,8.771929824561402,31.57894736842105,Premier League
SOU,2020,50.877192982456144,24.561403508771928,Premier League
TOT,2020,57.89473684210527,50.877192982456144,Premier League
WBA,2020,19.29824561403509,26.31578947368421,Premier League
WHU,2020,56.14035087719298,57.89473684210527,Premier League
WOLV,2020,38.59649122807018,40.35087719298245,Premier League
ARS,2021,61.40350877192983,59.64912280701754,Premier League
AVL,2021,38.59649122807018,40.35087719298245,Premier League
BHA,2021,47.368421052631575,42.10526315789473,Premier League
BRNT,2021,40.35087719298245,40.35087719298245,Premier League
BUR,2021,22.80701754385965,38.59649122807018,Premier League
CHE,2021,71.9298245614035,57.89473684210527,Premier League
CRY,2021,40.35087719298245,43.85964912280702,Premier League
EVE,2021,33.33333333333333,35.08771929824561,Premier League
LEE,2021,33.33333333333333,33.33333333333333,Premier League
LEIC,2021,43.85964912280702,47.368421052631575,Premier League
LIVP,2021,71.9298245614035,89.47368421052632,Premier League
MANC,2021,82.45614035087719,80.7017543859649,Premier League
MANU,2021,54.385964912280706,47.368421052631575,Premier League
NEW,2021,19.29824561403509,66.66666666666666,Premier League
NOR,2021,17.543859649122805,21.052631578947366,Premier League
SOU,2021,36.8421052631579,33.33333333333333,Premier League
TOT,2021,63.1578947368421,61.40350877192983,Premier League
WAT,2021,24.561403508771928,15.789473684210526,Premier League
WHU,2021,54.385964912280706,43.85964912280702,Premier League
WOLV,2021,49.122807017543856,40.35087719298245,Premier League
ARS,2022,87.71929824561404,59.64912280701754,Premier League
AVL,2022,43.85964912280702,63.1578947368421,Premier League
BHA,2022,54.385964912280706,54.385964912280706,Premier League
BOU,2022,28.07017543859649,40.35087719298245,Premier League
BRNT,2022,50.877192982456144,52.63157894736842,Premier League
CHE,2022,49.122807017543856,28.07017543859649,Premier League
CRY,2022,40.35087719298245,38.59649122807018,Premier League
EVE,2022,26.31578947368421,36.8421052631579,Premier League
FUL,2022,54.385964912280706,36.8421052631579,Premier League
LEE,2022,31.57894736842105,22.80701754385965,Premier League
LEIC,2022,29.82456140350877,29.82456140350877,Premier League
LIVP,2022,50.877192982456144,66.66666666666666,Premier League
MANC,2022,73.6842105263158,82.45614035087719,Premier League
MANU,2022,68.42105263157895,63.1578947368421,Premier League
NEW,2022,66.66666666666666,57.89473684210527,Premier League
NOTF,2022,35.08771929824561,31.57894736842105,Premier League
SOU,2022,26.31578947368421,17.543859649122805,Premier League
TOT,2022,57.89473684210527,47.368421052631575,Premier League
WHU,2022,26.31578947368421,43.85964912280702,Premier League
WOLV,2022,29.82456140350877,42.10526315789473,Premier League
ARS,2023,70.17543859649122,85.96491228070175,Premier League
AVL,2023,68.42105263157895,50.877192982456144,Premier League
BHA,2023,52.63157894736842,31.57894736842105,Premier League
BOU,2023,43.85964912280702,40.35087719298245,Premier League
BRNT,2023,33.33333333333333,35.08771929824561,Premier League
BUR,2023,19.29824561403509,22.80701754385965,Premier League
CHE,2023,43.85964912280702,66.66666666666666,Premier League
CRY,2023,31.57894736842105,54.385964912280706,Premier League
EVE,2023,45.6140350877193,38.59649122807018,Premier League
FUL,2023,36.8421052631579,45.6140350877193,Premier League
LIVP,2023,73.6842105263158,70.17543859649122,Premier League
LUT,2023,26.31578947368421,19.29824561403509,Premier League
MANC,2023,70.17543859649122,89.47368421052632,Premier League
MANU,2023,54.385964912280706,50.877192982456144,Premier League
NEW,2023,50.877192982456144,54.385964912280706,Premier League
NOTF,2023,29.82456140350877,33.33333333333333,Premier League
SHU,2023,15.789473684210526,12.280701754385964,Premier League
TOT,2023,63.1578947368421,52.63157894736842,Premier League
WHU,2023,57.89473684210527,33.33333333333333,Premier League
WOLV,2023,43.85964912280702,36.8421052631579,Premier League
ARS,2024,68.42105263157895,61.40350877192983,Premier League
AVL,2024,50.877192982456144,64.91228070175438,Premier League
BHA,2024,47.368421052631575,59.64912280701754,Premier League
BOU,2024,52.63157894736842,45.6140350877193,Premier League
BRNT,2024,42.10526315789473,56.14035087719298,Premier League
CHE,2024,61.40350877192983,59.64912280701754,Premier League
CRY,2024,35.08771929824561,57.89473684210527,Premier League
EVE,2024,29.82456140350877,54.385964912280706,Premier League
FUL,2024,50.877192982456144,43.85964912280702,Premier League
IPS,2024,26.31578947368421,12.280701754385964,Premier League
LEIC,2024,24.561403508771928,19.29824561403509,Premier League
LIVP,2024,80.7017543859649,66.66666666666666,Premier League
MANC,2024,54.385964912280706,70.17543859649122,Premier League
MANU,2024,38.59649122807018,35.08771929824561,Premier League
NEW,2024,56.14035087719298,59.64912280701754,Premier League
NOTF,2024,64.91228070175438,49.122807017543856,Premier League
SOU,2024,10.526315789473683,10.526315789473683,Premier League
TOT,2024,42.10526315789473,24.561403508771928,Premier League
WHU,2024,40.35087719298245,35.08771929824561,Premier League
WOLV,2024,28.07017543859649,45.6140350877193,Premier League
ATA,2000,56.86274509803921,29.411764705882355,Serie A
BARI,2000,23.529411764705884,15.68627450980392,Serie A
BOLG,2000,47.05882352941177,37.25490196078432,Serie A
BRES,2000,33.33333333333333,52.94117647058824,Serie A
FIO,2000,49.01960784313726,35.294117647058826,Serie A
INT,2000,47.05882352941177,52.94117647058824,Serie A
JUV,2000,64.70588235294117,78.43137254901961,Serie A
LAZ,2000,64.70588235294117,70.58823529411765,Serie A
LEC,2000,41.1764705882353,31.37254901960784,Serie A
MIL,2000,52.94117647058824,43.13725490196079,Serie A
NAP,2000,33.33333333333333,37.25490196078432,Serie A
PAR,2000,45.09803921568628,64.70588235294117,Serie A
PER,2000,49.01960784313726,33.33333333333333,Serie A
REG,2000,25.49019607843137,47.05882352941177,Serie A
ROM,2000,76.47058823529412,70.58823529411765,Serie A
UDI,2000,49.01960784313726,25.49019607843137,Serie A
VER,2000,29.411764705882355,43.13725490196079,Serie A
VIC,2000,31.37254901960784,39.21568627450981,Serie A
ATA,2001,41.1764705882353,47.05882352941177,Serie A
BOLG,2001,52.94117647058824,49.01960784313726,Serie A
BRES,2001,35.294117647058826,43.13725490196079,Serie A
CHI,2001,64.70588235294117,41.1764705882353,Serie A
FIO,2001,27.45098039215686,15.68627450980392,Serie A
INT,2001,68.62745098039214,66.66666666666666,Serie A
JUV,2001,60.78431372549019,78.43137254901961,Serie A
LAZ,2001,49.01960784313726,54.90196078431372,Serie A
LEC,2001,33.33333333333333,21.568627450980394,Serie A
MIL,2001,58.82352941176471,49.01960784313726,Serie A
PAR,2001,33.33333333333333,52.94117647058824,Serie A
PER,2001,43.13725490196079,47.05882352941177,Serie A
PIA,2001,35.294117647058826,47.05882352941177,Serie A
ROM,2001,70.58823529411765,66.66666666666666,Serie A
TOR,2001,33.33333333333333,50.98039215686274,Serie A
UDI,2001,41.1764705882353,37.25490196078432,Serie A
VEN,2001,19.607843137254903,15.68627450980392,Serie A
VER,2001,49.01960784313726,27.45098039215686,Serie A
ATA,2002,27.45098039215686,47.05882352941177,Serie A
BOLG,2002,52.94117647058824,27.45098039215686,Serie A
BRES,2002,35.294117647058826,47.05882352941177,Serie A
CHI,2002,62.74509803921568,45.09803921568628,Serie A
COM,2002,13.72549019607843,33.33333333333333,Serie A
EMP,2002,43.13725490196079,31.37254901960784,Serie A
INT,2002,70.58823529411765,56.86274509803921,Serie A
JUV,2002,68.62745098039214,72.54901960784314,Serie A
LAZ,2002,70.58823529411765,47.05882352941177,Serie A
MIL,2002,76.47058823529412,43.13725490196079,Serie A
MOD,2002,39.21568627450981,35.294117647058826,Serie A
PAR,2002,50.98039215686274,58.82352941176471,Serie A
PER,2002,43.13725490196079,39.21568627450981,Serie A
PIA,2002,25.49019607843137,33.33333333333333,Serie A
REG,2002,25.49019607843137,49.01960784313726,Serie A
ROM,2002,45.09803921568628,50.98039215686274,Serie A
TOR,2002,19.607843137254903,21.568627450980394,Serie A
UDI,2002,50.98039215686274,58.82352941176471,Serie A
ASC,2005,35.08771929824561,40.35087719298245,Serie A
CAG,2005,26.31578947368421,42.10526315789473,Serie A
CHI,2005,52.63157894736842,42.10526315789473,Serie A
EMP,2005,31.57894736842105,47.368421052631575,Serie A
FIO,2005,70.17543859649122,59.64912280701754,Serie A
INT,2005,73.6842105263158,59.64912280701754,Serie A
JUV,2005,91.2280701754386,68.42105263157895,Serie A
LAZ,2005,49.122807017543856,59.64912280701754,Serie A
LEC,2005,21.052631578947366,29.82456140350877,Serie A
LIVO,2005,61.40350877192983,24.561403508771928,Serie A
MES,2005,29.82456140350877,24.561403508771928,Serie A
MIL,2005,70.17543859649122,84.21052631578947,Serie A
PAL,2005,40.35087719298245,50.877192982456144,Serie A
PAR,2005,26.31578947368421,52.63157894736842,Serie A
REG,2005,33.33333333333333,38.59649122807018,Serie A
ROM,2005,52.63157894736842,68.42105263157895,Serie A
SAM,2005,49.122807017543856,22.80701754385965,Serie A
SIE,2005,36.8421052631579,31.57894736842105,Serie A
TRE,2005,21.052631578947366,15.789473684210526,Serie A
UDI,2005,42.10526315789473,33.33333333333333,Serie A
ASC,2006,15.789473684210526,31.57894736842105,Serie A
ATA,2006,42.10526315789473,45.6140350877193,Serie A
CAG,2006,33.33333333333333,36.8421052631579,Serie A
CAT,2006,45.6140350877193,26.31578947368421,Serie A
CHI,2006,29.82456140350877,38.59649122807018,Serie A
EMP,2006,49.122807017543856,45.6140350877193,Serie A
FIO,2006,59.64912280701754,68.42105263157895,Serie A
INT,2006,89.47368421052632,80.7017543859649,Serie A
LAZ,2006,50.877192982456144,63.1578947368421,Serie A
LIVO,2006,38.59649122807018,36.8421052631579,Serie A
MES,2006,28.07017543859649,17.543859649122805,Serie A
MIL,2006,54.385964912280706,66.66666666666666,Serie A
PAL,2006,66.66666666666666,35.08771929824561,Serie A
PAR,2006,21.052631578947366,52.63157894736842,Serie A
REG,2006,40.35087719298245,49.122807017543856,Serie A
ROM,2006,73.6842105263158,57.89473684210527,Serie A
SAM,2006,42.10526315789473,43.85964912280702,Serie A
SIE,2006,38.59649122807018,33.33333333333333,Serie A
TOR,2006,38.59649122807018,31.57894736842105,Serie A
UDI,2006,40.35087719298245,40.35087719298245,Serie A
ATA,2007,43.85964912280702,40.35087719298245,Serie A
CAG,2007,17.543859649122805,56.14035087719298,Serie A
CAT,2007,38.59649122807018,26.31578947368421,Serie A
EMP,2007,28.07017543859649,35.08771929824561,Serie A
FIO,2007,59.64912280701754,56.14035087719298,Serie A
GEN,2007,43.85964912280702,40.35087719298245,Serie A
INT,2007,85.96491228070175,63.1578947368421,Serie A
JUV,2007,64.91228070175438,61.40350877192983,Serie A
LAZ,2007,33.33333333333333,47.368421052631575,Serie A
LIVO,2007,36.8421052631579,15.789473684210526,Serie A
MIL,2007,52.63157894736842,59.64912280701754,Serie A
NAP,2007,42.10526315789473,45.6140350877193,Serie A
PAL,2007,43.85964912280702,38.59649122807018,Serie A
PAR,2007,31.57894736842105,28.07017543859649,Serie A
REG,2007,31.57894736842105,38.59649122807018,Serie A
ROM,2007,73.6842105263158,70.17543859649122,Serie A
SAM,2007,43.85964912280702,61.40350877192983,Serie A
SIE,2007,29.82456140350877,47.368421052631575,Serie A
TOR,2007,29.82456140350877,40.35087719298245,Serie A
UDI,2007,56.14035087719298,43.85964912280702,Serie A
ATA,2008,47.368421052631575,35.08771929824561,Serie A
BOLG,2008,33.33333333333333,31.57894736842105,Serie A
CAG,2008,43.85964912280702,49.122807017543856,Serie A
CAT,2008,43.85964912280702,31.57894736842105,Serie A
CHI,2008,22.80701754385965,43.85964912280702,Serie A
FIO,2008,56.14035087719298,63.1578947368421,Serie A
GEN,2008,61.40350877192983,57.89473684210527,Serie A
INT,2008,75.43859649122807,71.9298245614035,Serie A
JUV,2008,70.17543859649122,59.64912280701754,Serie A
LAZ,2008,54.385964912280706,33.33333333333333,Serie A
LEC,2008,29.82456140350877,22.80701754385965,Serie A
MIL,2008,64.91228070175438,64.91228070175438,Serie A
NAP,2008,57.89473684210527,22.80701754385965,Serie A
PAL,2008,50.877192982456144,49.122807017543856,Serie A
REG,2008,22.80701754385965,31.57894736842105,Serie A
ROM,2008,52.63157894736842,57.89473684210527,Serie A
SAM,2008,35.08771929824561,45.6140350877193,Serie A
SIE,2008,38.59649122807018,38.59649122807018,Serie A
TOR,2008,26.31578947368421,33.33333333333333,Serie A
UDI,2008,40.35087719298245,61.40350877192983,Serie A
ATA,2009,28.07017543859649,33.33333333333333,Serie A
BARI,2009,49.122807017543856,38.59649122807018,Serie A
BOLG,2009,33.33333333333333,40.35087719298245,Serie A
CAG,2009,52.63157894736842,24.561403508771928,Serie A
CAT,2009,26.31578947368421,52.63157894736842,Serie A
CHI,2009,42.10526315789473,35.08771929824561,Serie A
FIO,2009,52.63157894736842,29.82456140350877,Serie A
GEN,2009,47.368421052631575,42.10526315789473,Serie A
INT,2009,78.94736842105262,64.91228070175438,Serie A
JUV,2009,57.89473684210527,38.59649122807018,Serie A
LAZ,2009,35.08771929824561,45.6140350877193,Serie A
LIVO,2009,36.8421052631579,14.035087719298245,Serie A
MIL,2009,70.17543859649122,52.63157894736842,Serie A
NAP,2009,57.89473684210527,45.6140350877193,Serie A
PAL,2009,52.63157894736842,61.40350877192983,Serie A
PAR,2009,49.122807017543856,42.10526315789473,Serie A
ROM,2009,56.14035087719298,84.21052631578947,Serie A
SAM,2009,45.6140350877193,71.9298245614035,Serie A
SIE,2009,21.052631578947366,33.33333333333333,Serie A
UDI,2009,35.08771929824561,42.10526315789473,Serie A
BARI,2010,24.561403508771928,17.543859649122805,Serie A
BOLG,2010,43.85964912280702,35.08771929824561,Serie A
BRES,2010,26.31578947368421,29.82456140350877,Serie A
CAG,2010,40.35087719298245,38.59649122807018,Serie A
CAT,2010,36.8421052631579,43.85964912280702,Serie A
CES,2010,33.33333333333333,42.10526315789473,Serie A
CHI,2010,38.59649122807018,42.10526315789473,Serie A
FIO,2010,42.10526315789473,47.368421052631575,Serie A
GEN,2010,40.35087719298245,49.122807017543856,Serie A
INT,2010,61.40350877192983,71.9298245614035,Serie A
JUV,2010,54.385964912280706,47.368421052631575,Serie A
LAZ,2010,59.64912280701754,56.14035087719298,Serie A
LEC,2010,31.57894736842105,40.35087719298245,Serie A
MIL,2010,70.17543859649122,73.6842105263158,Serie A
NAP,2010,63.1578947368421,59.64912280701754,Serie A
PAL,2010,54.385964912280706,43.85964912280702,Serie A
PAR,2010,38.59649122807018,42.10526315789473,Serie A
ROM,2010,56.14035087719298,54.385964912280706,Serie A
SAM,2010,45.6140350877193,17.543859649122805,Serie A
UDI,2010,47.368421052631575,68.42105263157895,Serie A
ATA,2011,45.6140350877193,45.6140350877193,Serie A
BOLG,2011,35.08771929824561,54.385964912280706,Serie A
CAG,2011,40.35087719298245,35.08771929824561,Serie A
CAT,2011,40.35087719298245,43.85964912280702,Serie A
CES,2011,26.31578947368421,12.280701754385964,Serie A
CHI,2011,42.10526315789473,43.85964912280702,Serie A
FIO,2011,38.59649122807018,42.10526315789473,Serie A
GEN,2011,42.10526315789473,31.57894736842105,Serie A
INT,2011,61.40350877192983,40.35087719298245,Serie A
JUV,2011,71.9298245614035,75.43859649122807,Serie A
LAZ,2011,57.89473684210527,50.877192982456144,Serie A
LEC,2011,22.80701754385965,40.35087719298245,Serie A
MIL,2011,70.17543859649122,70.17543859649122,Serie A
NAP,2011,50.877192982456144,56.14035087719298,Serie A
NOV,2011,21.052631578947366,35.08771929824561,Serie A
PAL,2011,42.10526315789473,33.33333333333333,Serie A
PAR,2011,40.35087719298245,57.89473684210527,Serie A
ROM,2011,54.385964912280706,43.85964912280702,Serie A
SIE,2011,33.33333333333333,43.85964912280702,Serie A
UDI,2011,66.66666666666666,45.6140350877193,Serie A
ATA,2012,42.10526315789473,31.57894736842105,Serie A
BOLG,2012,31.57894736842105,45.6140350877193,Serie A
CAG,2012,28.07017543859649,54.385964912280706,Serie A
CAT,2012,45.6140350877193,52.63157894736842,Serie A
CHI,2012,42.10526315789473,36.8421052631579,Serie A
FIO,2012,61.40350877192983,61.40350877192983,Serie A
GEN,2012,29.82456140350877,36.8421052631579,Serie A
INT,2012,61.40350877192983,33.33333333333333,Serie A
JUV,2012,77.19298245614036,75.43859649122807,Serie A
LAZ,2012,68.42105263157895,38.59649122807018,Serie A
MIL,2012,52.63157894736842,73.6842105263158,Serie A
NAP,2012,68.42105263157895,68.42105263157895,Serie A
PAL,2012,26.31578947368421,29.82456140350877,Serie A
PAR,2012,50.877192982456144,35.08771929824561,Serie A
PES,2012,35.08771929824561,3.508771929824561,Serie A
ROM,2012,56.14035087719298,52.63157894736842,Serie A
SAM,2012,36.8421052631579,38.59649122807018,Serie A
SIE,2012,29.82456140350877,33.33333333333333,Serie A
TOR,2012,36.8421052631579,33.33333333333333,Serie A
UDI,2012,47.368421052631575,68.42105263157895,Serie A
ATA,2013,36.8421052631579,50.877192982456144,Serie A
BOLG,2013,28.07017543859649,22.80701754385965,Serie A
CAG,2013,36.8421052631579,31.57894736842105,Serie A
CAT,2013,22.80701754385965,33.33333333333333,Serie A
CHI,2013,29.82456140350877,33.33333333333333,Serie A
FIO,2013,64.91228070175438,49.122807017543856,Serie A
GEN,2013,40.35087719298245,36.8421052631579,Serie A
INT,2013,56.14035087719298,49.122807017543856,Serie A
JUV,2013,91.2280701754386,87.71929824561404,Serie A
LAZ,2013,42.10526315789473,56.14035087719298,Serie A
LIVO,2013,22.80701754385965,21.052631578947366,Serie A
MIL,2013,38.59649122807018,61.40350877192983,Serie A
NAP,2013,73.6842105263158,63.1578947368421,Serie A
PAR,2013,45.6140350877193,56.14035087719298,Serie A
ROM,2013,77.19298245614036,71.9298245614035,Serie A
SAM,2013,36.8421052631579,42.10526315789473,Serie A
SAS,2013,29.82456140350877,29.82456140350877,Serie A
TOR,2013,45.6140350877193,54.385964912280706,Serie A
UDI,2013,35.08771929824561,42.10526315789473,Serie A
VER,2013,56.14035087719298,38.59649122807018,Serie A
ATA,2014,35.08771929824561,29.82456140350877,Serie A
CAG,2014,28.07017543859649,31.57894736842105,Serie A
CES,2014,15.789473684210526,26.31578947368421,Serie A
CHI,2014,31.57894736842105,43.85964912280702,Serie A
EMP,2014,33.33333333333333,40.35087719298245,Serie A
FIO,2014,52.63157894736842,59.64912280701754,Serie A
GEN,2014,49.122807017543856,54.385964912280706,Serie A
INT,2014,45.6140350877193,50.877192982456144,Serie A
JUV,2014,80.7017543859649,71.9298245614035,Serie A
LAZ,2014,54.385964912280706,66.66666666666666,Serie A
MIL,2014,45.6140350877193,45.6140350877193,Serie A
NAP,2014,57.89473684210527,52.63157894736842,Serie A
PAL,2014,45.6140350877193,40.35087719298245,Serie A
PAR,2014,17.543859649122805,28.07017543859649,Serie A
ROM,2014,71.9298245614035,50.877192982456144,Serie A
SAM,2014,57.89473684210527,40.35087719298245,Serie A
SAS,2014,43.85964912280702,42.10526315789473,Serie A
TOR,2014,38.59649122807018,56.14035087719298,Serie A
UDI,2014,42.10526315789473,29.82456140350877,Serie A
VER,2014,36.8421052631579,43.85964912280702,Serie A
ATA,2015,42.10526315789473,36.8421052631579,Serie A
BOLG,2015,38.59649122807018,35.08771929824561,Serie A
CARP,2015,24.561403508771928,42.10526315789473,Serie A
CHI,2015,45.6140350877193,42.10526315789473,Serie A
EMP,2015,52.63157894736842,28.07017543859649,Serie A
FIO,2015,66.66666666666666,45.6140350877193,Serie A
FRO,2015,26.31578947368421,28.07017543859649,Serie A
GEN,2015,33.33333333333333,47.368421052631575,Serie A
INT,2015,68.42105263157895,49.122807017543856,Serie A
JUV,2015,68.42105263157895,91.2280701754386,Serie A
LAZ,2015,47.368421052631575,47.368421052631575,Serie A
MIL,2015,50.877192982456144,49.122807017543856,Serie A
NAP,2015,71.9298245614035,71.9298245614035,Serie A
PAL,2015,36.8421052631579,31.57894736842105,Serie A
ROM,2015,59.64912280701754,80.7017543859649,Serie A
SAM,2015,40.35087719298245,29.82456140350877,Serie A
SAS,2015,54.385964912280706,52.63157894736842,Serie A
TOR,2015,43.85964912280702,35.08771929824561,Serie A
UDI,2015,42.10526315789473,26.31578947368421,Serie A
VER,2015,14.035087719298245,35.08771929824561,Serie A
ATA,2016,61.40350877192983,64.91228070175438,Serie A
BOLG,2016,40.35087719298245,31.57894736842105,Serie A
CAG,2016,40.35087719298245,42.10526315789473,Serie A
CHI,2016,43.85964912280702,31.57894736842105,Serie A
CRO,2016,15.789473684210526,43.85964912280702,Serie A
EMP,2016,29.82456140350877,26.31578947368421,Serie A
FIO,2016,52.63157894736842,52.63157894736842,Serie A
GEN,2016,40.35087719298245,22.80701754385965,Serie A
INT,2016,57.89473684210527,50.877192982456144,Serie A
JUV,2016,78.94736842105262,80.7017543859649,Serie A
LAZ,2016,64.91228070175438,57.89473684210527,Serie A
MIL,2016,64.91228070175438,45.6140350877193,Serie A
NAP,2016,66.66666666666666,84.21052631578947,Serie A
PAL,2016,17.543859649122805,28.07017543859649,Serie A
PES,2016,15.789473684210526,15.789473684210526,Serie A
ROM,2016,71.9298245614035,80.7017543859649,Serie A
SAM,2016,40.35087719298245,43.85964912280702,Serie A
SAS,2016,31.57894736842105,49.122807017543856,Serie A
TOR,2016,50.877192982456144,42.10526315789473,Serie A
UDI,2016,43.85964912280702,35.08771929824561,Serie A
ATA,2017,47.368421052631575,57.89473684210527,Serie A
BEN,2017,7.017543859649122,29.82456140350877,Serie A
BOLG,2017,42.10526315789473,26.31578947368421,Serie A
CAG,2017,35.08771929824561,33.33333333333333,Serie A
CHI,2017,36.8421052631579,33.33333333333333,Serie A
CRO,2017,26.31578947368421,35.08771929824561,Serie A
FIO,2017,47.368421052631575,52.63157894736842,Serie A
GEN,2017,31.57894736842105,40.35087719298245,Serie A
INT,2017,71.9298245614035,54.385964912280706,Serie A
JUV,2017,82.45614035087719,84.21052631578947,Serie A
LAZ,2017,70.17543859649122,56.14035087719298,Serie A
MIL,2017,43.85964912280702,68.42105263157895,Serie A
NAP,2017,84.21052631578947,75.43859649122807,Serie A
ROM,2017,68.42105263157895,66.66666666666666,Serie A
SAM,2017,52.63157894736842,42.10526315789473,Serie A
SAS,2017,36.8421052631579,38.59649122807018,Serie A
SPA,2017,26.31578947368421,40.35087719298245,Serie A
TOR,2017,43.85964912280702,50.877192982456144,Serie A
UDI,2017,49.122807017543856,21.052631578947366,Serie A
VER,2017,22.80701754385965,21.052631578947366,Serie A
ATA,2018,49.122807017543856,71.9298245614035,Serie A
BOLG,2018,22.80701754385965,54.385964912280706,Serie A
CAG,2018,35.08771929824561,36.8421052631579,Serie A
CHI,2018,19.29824561403509,15.789473684210526,Serie A
EMP,2018,28.07017543859649,38.59649122807018,Serie A
FIO,2018,45.6140350877193,26.31578947368421,Serie A
FRO,2018,17.543859649122805,26.31578947368421,Serie A
GEN,2018,35.08771929824561,31.57894736842105,Serie A
INT,2018,68.42105263157895,52.63157894736842,Serie A
JUV,2018,92.98245614035086,64.91228070175438,Serie A
LAZ,2018,56.14035087719298,47.368421052631575,Serie A
MIL,2018,54.385964912280706,64.91228070175438,Serie A
NAP,2018,77.19298245614036,61.40350877192983,Serie A
PAR,2018,43.85964912280702,28.07017543859649,Serie A
ROM,2018,52.63157894736842,63.1578947368421,Serie A
SAM,2018,50.877192982456144,42.10526315789473,Serie A
SAS,2018,43.85964912280702,31.57894736842105,Serie A
SPA,2018,29.82456140350877,43.85964912280702,Serie A
TOR,2018,47.368421052631575,63.1578947368421,Serie A
UDI,2018,31.57894736842105,43.85964912280702,Serie A
ATA,2019,61.40350877192983,75.43859649122807,Serie A
BOLG,2019,40.35087719298245,42.10526315789473,Serie A
BRES,2019,24.561403508771928,19.29824561403509,Serie A
CAG,2019,50.877192982456144,28.07017543859649,Serie A
FIO,2019,36.8421052631579,49.122807017543856,Serie A
GEN,2019,24.561403508771928,43.85964912280702,Serie A
INT,2019,80.7017543859649,63.1578947368421,Serie A
JUV,2019,84.21052631578947,61.40350877192983,Serie A
LAZ,2019,78.94736842105262,57.89473684210527,Serie A
LEC,2019,26.31578947368421,35.08771929824561,Serie A
MIL,2019,43.85964912280702,71.9298245614035,Serie A
NAP,2019,42.10526315789473,66.66666666666666,Serie A
PAR,2019,49.122807017543856,36.8421052631579,Serie A
ROM,2019,61.40350877192983,61.40350877192983,Serie A
SAM,2019,33.33333333333333,40.35087719298245,Serie A
SAS,2019,33.33333333333333,56.14035087719298,Serie A
SPA,2019,21.052631578947366,14.035087719298245,Serie A
TOR,2019,47.368421052631575,22.80701754385965,Serie A
UDI,2019,42.10526315789473,36.8421052631579,Serie A
VER,2019,45.6140350877193,40.35087719298245,Serie A
ATA,2020,63.1578947368421,73.6842105263158,Serie A
BEN,2020,38.59649122807018,19.29824561403509,Serie A
BOLG,2020,35.08771929824561,36.8421052631579,Serie A
CAG,2020,24.561403508771928,40.35087719298245,Serie A
CRO,2020,21.052631578947366,19.29824561403509,Serie A
FIO,2020,36.8421052631579,33.33333333333333,Serie A
GEN,2020,31.57894736842105,42.10526315789473,Serie A
INT,2020,71.9298245614035,87.71929824561404,Serie A
JUV,2020,68.42105263157895,68.42105263157895,Serie A
LAZ,2020,59.64912280701754,59.64912280701754,Serie A
MIL,2020,75.43859649122807,63.1578947368421,Serie A
NAP,2020,64.91228070175438,70.17543859649122,Serie A
PAR,2020,22.80701754385965,12.280701754385964,Serie A
ROM,2020,66.66666666666666,43.85964912280702,Serie A
SAM,2020,45.6140350877193,45.6140350877193,Serie A
SAS,2020,52.63157894736842,56.14035087719298,Serie A
SPE,2020,31.57894736842105,36.8421052631579,Serie A
TOR,2020,24.561403508771928,40.35087719298245,Serie A
UDI,2020,31.57894736842105,38.59649122807018,Serie A
VER,2020,49.122807017543856,26.31578947368421,Serie A
ATA,2021,66.66666666666666,36.8421052631579,Serie A
BOLG,2021,47.368421052631575,33.33333333333333,Serie A
CAG,2021,17.543859649122805,35.08771929824561,Serie A
EMP,2021,47.368421052631575,24.561403508771928,Serie A
FIO,2021,56.14035087719298,52.63157894736842,Serie A
GEN,2021,19.29824561403509,29.82456140350877,Serie A
INT,2021,80.7017543859649,66.66666666666666,Serie A
JUV,2021,59.64912280701754,63.1578947368421,Serie A
LAZ,2021,54.385964912280706,57.89473684210527,Serie A
MIL,2021,73.6842105263158,77.19298245614036,Serie A
NAP,2021,68.42105263157895,70.17543859649122,Serie A
ROM,2021,56.14035087719298,54.385964912280706,Serie A
SAL,2021,19.29824561403509,35.08771929824561,Serie A
SAM,2021,35.08771929824561,28.07017543859649,Serie A
SAS,2021,42.10526315789473,45.6140350877193,Serie A
SPE,2021,28.07017543859649,35.08771929824561,Serie A
TOR,2021,43.85964912280702,43.85964912280702,Serie A
UDI,2021,35.08771929824561,47.368421052631575,Serie A
VEN,2021,29.82456140350877,17.543859649122805,Serie A
VER,2021,42.10526315789473,50.877192982456144,Serie A
ATA,2022,61.40350877192983,50.877192982456144,Serie A
BOLG,2022,40.35087719298245,54.385964912280706,Serie A
CRE,2022,14.035087719298245,33.33333333333333,Serie A
EMP,2022,43.85964912280702,31.57894736842105,Serie A
FIO,2022,40.35087719298245,57.89473684210527,Serie A
INT,2022,64.91228070175438,61.40350877192983,Serie A
JUV,2022,66.66666666666666,59.64912280701754,Serie A
LAZ,2022,64.91228070175438,64.91228070175438,Serie A
LEC,2022,35.08771929824561,28.07017543859649,Serie A
MIL,2022,66.66666666666666,56.14035087719298,Serie A
MON,2022,38.59649122807018,52.63157894736842,Serie A
NAP,2022,87.71929824561404,70.17543859649122,Serie A
ROM,2022,64.91228070175438,45.6140350877193,Serie A
SAL,2022,31.57894736842105,42.10526315789473,Serie A
SAM,2022,15.789473684210526,17.543859649122805,Serie A
SAS,2022,29.82456140350877,49.122807017543856,Serie A
SPE,2022,31.57894736842105,22.80701754385965,Serie A
TOR,2022,45.6140350877193,47.368421052631575,Serie A
UDI,2022,49.122807017543856,31.57894736842105,Serie A
VER,2022,21.052631578947366,33.33333333333333,Serie A
ATA,2023,52.63157894736842,68.42105263157895,Serie A
BOLG,2023,56.14035087719298,63.1578947368421,Serie A
CAG,2023,26.31578947368421,36.8421052631579,Serie A
EMP,2023,22.80701754385965,40.35087719298245,Serie A
FIO,2023,57.89473684210527,47.368421052631575,Serie A
FRO,2023,33.33333333333333,28.07017543859649,Serie A
GEN,2023,36.8421052631579,49.122807017543856,Serie A
INT,2023,84.21052631578947,80.7017543859649,Serie A
JUV,2023,80.7017543859649,43.85964912280702,Serie A
LAZ,2023,52.63157894736842,54.385964912280706,Serie A
LEC,2023,36.8421052631579,29.82456140350877,Serie A
MIL,2023,68.42105263157895,63.1578947368421,Serie A
MON,2023,43.85964912280702,35.08771929824561,Serie A
NAP,2023,49.122807017543856,43.85964912280702,Serie A
ROM,2023,50.877192982456144,59.64912280701754,Serie A
SAL,2023,21.052631578947366,8.771929824561402,Serie A
SAS,2023,33.33333333333333,19.29824561403509,Serie A
TOR,2023,47.368421052631575,45.6140350877193,Serie A
UDI,2023,29.82456140350877,35.08771929824561,Serie A
VER,2023,24.561403508771928,42.10526315789473,Serie A
ATA,2024,73.6842105263158,56.14035087719298,Serie A
BOLG,2024,52.63157894736842,56.14035087719298,Serie A
CAG,2024,29.82456140350877,33.33333333333333,Serie A
COM,2024,33.33333333333333,52.63157894736842,Serie A
EMP,2024,35.08771929824561,19.29824561403509,Serie A
FIO,2024,56.14035087719298,57.89473684210527,Serie A
GEN,2024,35.08771929824561,40.35087719298245,Serie A
INT,2024,77.19298245614036,64.91228070175438,Serie A
JUV,2024,57.89473684210527,64.91228070175438,Serie A
LAZ,2024,61.40350877192983,52.63157894736842,Serie A
LEC,2024,29.82456140350877,29.82456140350877,Serie A
MIL,2024,54.385964912280706,56.14035087719298,Serie A
MON,2024,17.543859649122805,14.035087719298245,Serie A
NAP,2024,77.19298245614036,66.66666666666666,Serie A
PAR,2024,33.33333333333333,29.82456140350877,Serie A
ROM,2024,40.35087719298245,80.7017543859649,Serie A
TOR,2024,36.8421052631579,40.35087719298245,Serie A
UDI,2024,43.85964912280702,33.33333333333333,Serie A
VEN,2024,24.561403508771928,26.31578947368421,Serie A
VER,2024,33.33333333333333,31.57894736842105,Serie A
