league,season,n_teams,spearman_r_seed_1,spearman_p_seed_1,spearman_r_seed_2,spearman_p_seed_2,spearman_r_seed_3,spearman_p_seed_3,spearman_r_seed_4,spearman_p_seed_4,spearman_r_seed_5,spearman_p_seed_5,spearman_r_seed_6,spearman_p_seed_6,spearman_r_seed_7,spearman_p_seed_7,spearman_r_seed_8,spearman_p_seed_8,spearman_r_seed_9,spearman_p_seed_9,spearman_r_seed_10,spearman_p_seed_10,spearman_r_avg,spearman_p_avg
bundesliga,2004,18,0.21265382460703638,0.39688613713216625,-0.48585718408004375,0.04093403188969921,-0.26372247065698107,0.29032018217825317,0.1203802149511482,0.6342163377044243,0.17747282325402564,0.4811078380061222,0.03442798541860899,0.8921227176599076,0.12780755972867186,0.6132818828242554,0.28710999222880956,0.24801590171709198,-0.016411629551842555,0.9484655776299068,0.2790470169143481,0.2621344017873724,0.04729081328137814,0.4807485008529199
bundesliga,2005,18,-0.16605168358825523,0.510206168644934,0.03308583789102124,0.8963063372732516,0.022445346659979715,0.9295575328664576,0.20954682439598368,0.4039814579997445,0.20233672529327013,0.420707924635899,-0.33155483861707097,0.1789248570464496,-0.15094517282364286,0.5499248171507074,-0.35406225566650346,0.14944175370573276,0.06806037327579256,0.7884404430254803,0.4301077755277487,0.07481732795888349,-0.0037031067651676465,0.4902308620307541
bundesliga,2006,18,0.05804099520150716,0.8190548281649321,0.2555349972242282,0.30610395739151147,-0.11921438983243589,0.6375269361301266,0.30294832037118247,0.22170759638642118,0.02175066619066731,0.9317328304392618,-0.25140405049811176,0.3142584440726675,0.0,1.0,0.2350228205329361,0.34784621016880046,0.06002229813830355,0.8129796892138691,-0.48781173517152904,0.040009525729997115,0.007488992215674811,0.5431220017697587
bundesliga,2007,18,-0.11469896952047715,0.650410641700489,0.36157840298720045,0.14039029847794715,-0.17415249266263094,0.489482101989391,-0.028419149769222867,0.910872512237358,-0.1097195880947959,0.6647281820271354,-0.1479523915367648,0.5579530980686718,0.014216185348286363,0.9553525249222232,0.11423132298735197,0.6517504458606966,-0.36282661298145635,0.13892482486753588,0.29635790565142556,0.23242570473369514,-0.015138538759108366,0.5392290334885144
bundesliga,2008,18,-0.13650193414824155,0.5891340481612399,-0.23598809547448316,0.345811966563356,0.025811119279889015,0.919025064395183,-0.09105409262029052,0.7193527694845947,-0.47494777471532346,0.04639726664005008,0.05114551018567381,0.8402724923281646,-0.3842514036352729,0.1154064033749668,0.10344863978787491,0.6829172248059954,-0.29282002908441357,0.2383138810814747,-0.11338070535105078,0.6541900610244983,-0.15485387657756383,0.5150821177859524
bundesliga,2009,18,-0.22299250004041957,0.37377100757802595,0.10610260235760267,0.675198355155882,-0.14495612708744857,0.5660418543274827,0.1212934617746896,0.6316275899043959,0.014090098351343262,0.9557481464138058,-0.10554520951951815,0.676816968506672,-0.49762957149782344,0.03560492799436606,0.07580859907155046,0.7649638711320943,-0.023305293965442543,0.9268653842418914,-0.3306739267902381,0.18015264051273264,-0.10078078673457044,0.5786790745767348
bundesliga,2010,18,-0.1404884103233674,0.5781963233532521,0.06803709634754754,0.7885112431744827,0.11248999973917319,0.6567482291433275,0.16762399864315813,0.5061516617733735,-0.06047199002094104,0.811602229339648,-0.29729934288322524,0.23087468827148183,-0.37259442334213844,0.12782256687410978,0.0421986000018526,0.8679573666201319,0.14077048552035426,0.5774256704565743,0.004375163217141016,0.9862534580833588,-0.033535882310044535,0.6131543437089741
bundesliga,2011,18,-0.15759040082847703,0.5322849009817014,-0.3084920312390638,0.21294336519621285,0.18324544541976825,0.4667181656246133,0.05184954076937188,0.8381011061684189,0.01982943277940398,0.9377512646962061,0.06099589178624694,0.8099981196722268,0.237479671086286,0.34268207420919095,-0.20505865324641703,0.41435077984397195,0.20748545152285364,0.4087264586110473,-0.17426837122636665,0.489188655453371,-0.008452402317639385,0.5452744890456962
bundesliga,2012,18,0.05257522835033082,0.8358640894422813,-0.25796410911663725,0.30136859409883365,-0.03420846159413558,0.8928068147353204,-0.34236206442213196,0.1643178469686262,0.2758106000606904,0.2679394321439797,0.3718726349484044,0.12862095052692957,-0.27216933665706977,0.274565120580479,-0.014316012725344645,0.9550393049291495,-0.0021242844606927168,0.9933253776505173,0.3506743245169099,0.1536501544644687,0.012778851890032361,0.4967497685540586
bundesliga,2013,18,-0.310356360067123,0.21004746617443854,-0.2572785166023064,0.30270061897438155,-0.049052671219981095,0.8467336960347264,-0.575132275132275,0.012522745657612473,0.4854392826702003,0.04113380000788813,-0.0843120650105697,0.7394222123086405,-0.05347081640076534,0.8331049877837672,0.045234780047305315,0.8585443621417178,0.6925910122953938,0.001443562726089568,-0.09587575022839918,0.7051053589818352,-0.020221337964852055,0.45507588107910973
bundesliga,2014,18,-0.057416340967440055,0.8209722159952446,0.14812868112637034,0.5574787705293117,0.12180050249558882,0.6301920559940762,0.21378719470836796,0.3943149148624586,-0.1217839048110509,0.6302390274524425,0.044662971852336836,0.8603157780298181,0.32100804879936495,0.1939961967701337,0.3887116155290198,0.11089020700014544,-0.5496763464379799,0.01812243622404871,-0.5354860143908019,0.022007830624264833,-0.002626359209622409,0.42385294334819446
bundesliga,2015,18,-0.2020260455859793,0.42143679555377767,0.0065005569726223735,0.979576679747038,0.08885209713024282,0.7258891151095297,-0.3493012613361263,0.15537865280461102,-0.29697357917945844,0.23141063061524228,-0.19103913548165063,0.4476383634486254,-0.24354517638208212,0.33012363909346143,0.24907656797333125,0.31890909593854977,-0.3175316203592152,0.19914271512418902,0.004248544956555534,0.9866512522556443,-0.125173905129176,0.47961569396906684
bundesliga,2016,18,0.4345522602775258,0.07153619366614733,0.10311224956974936,0.6838977524929768,-0.30652250051619023,0.21603079403944642,-0.505835009388036,0.03221823036459621,0.09756295047943,0.7001415841217189,0.14797897840367027,0.557881551681821,-0.03838065194532072,0.8798179537027666,0.1285704593341001,0.6111472887504331,0.053581271308648586,0.8327648293655346,-0.4391859871132208,0.06822985602693134,-0.03245659795896436,0.46536660342123726
bundesliga,2017,18,-0.1082180402368424,0.6690677145508919,0.012745764280624022,0.9599668398078738,0.28123374418310915,0.25825690795535405,0.05889312602947924,0.8164407729346296,0.002718872568263628,0.9914572054688523,-0.1670259479378919,0.5076920413775401,0.13716265458787905,0.5873152799561209,-0.24335319850123036,0.33051694711538315,0.1905023967398358,0.4489393703312192,0.06033102835315245,0.8120339552932563,0.022499040006637865,0.6381687034791121
bundesliga,2018,18,0.21541206861153425,0.39064456310948514,-0.010644033414817162,0.9665643301661588,0.05277886925822944,0.8352365571083513,-0.48052589491923864,0.043538768155649214,0.27498067542090415,0.26944076972202086,-0.37299035369774913,0.1273861005704668,0.10489766978708615,0.6786990525850776,0.17109028240166133,0.4972676066621168,0.44422350655532444,0.06476542096550009,0.032744926189303004,0.8973694150081235,0.043196771619223785,0.477091258405295
bundesliga,2019,18,-0.29919575346560023,0.2277705483518208,0.24408744789348824,0.32901415715057936,0.12213418447586025,0.6292480222334067,0.0016019005115091918,0.9949667148090877,-0.3641853201478113,0.13734173865023847,-0.5521843480516404,0.017495969372043983,-0.584027569897346,0.010930143427040778,0.1637977634306834,0.516044929223372,-0.14770292508816196,0.558624619026093,0.21013915016541942,0.4026235321457762,-0.12055354701735994,0.38240603743894586
bundesliga,2020,18,0.16870544379569463,0.5033718662612676,0.509952442804738,0.03061546114579791,-0.31550874319335204,0.2021784302358385,0.2855607214982003,0.2506906608559434,0.06686524776479487,0.7920776177965401,-0.11919724638178568,0.637575667387249,-0.08866232967753235,0.7264532674062254,-0.4807379980589742,0.04343278858108952,-0.20709792242296307,0.40962182803605796,0.07901025892470097,0.7553184798176986,-0.010111012494647856,0.43513360675237084
bundesliga,2021,18,-0.1397480681420061,0.5802210733136794,-0.4340231255424449,0.071921147207314,0.1619049270323706,0.5209723373245141,0.25298017793369615,0.31113209952771737,-0.09341274487648359,0.7123719116129078,-0.3643531354708914,0.13714708460259126,0.1989442495279822,0.42870294855089963,0.043323140356814206,0.8644689406270523,0.07643069291650331,0.7630871123495606,-0.12165919637361701,0.6305919955580809,-0.04196130826380765,0.5020616650674318
bundesliga,2022,18,-0.14668022062576103,0.5613812623041263,-0.11829440864203639,0.6401440305608213,0.21780491956231748,0.38527373143212673,0.18620758106127636,0.45941901707813715,0.19062653936497148,0.4486382876364934,0.3891054975142503,0.11049752249652695,0.37236193240173754,0.12807934889658062,-0.040092698160230256,0.8744962643281884,0.7683775786768333,0.00019537504478106679,0.38570215419883125,0.11392337293347929,0.220511887535219,0.3722048212711261
bundesliga,2023,18,-0.202903490711621,0.41937998575836577,-0.2541195507177456,0.3088836596082146,-0.24416801739179803,0.32884949911282413,-0.40839138394890073,0.09246023987804287,-0.060559046372229974,0.811335626034539,-0.2550208302455963,0.30711195991520956,0.012266682368030149,0.9614705107100551,0.1211682438041218,0.6319823004824634,0.2490709480780682,0.3189203742577363,-0.3793345581472054,0.12053443941617813,-0.14219910032848768,0.4300928595173629
bundesliga,2024,18,-0.1521887972099413,0.5466039240438947,-0.07084961535397816,0.7799681257590454,0.045213072712400194,0.8586115980373751,0.38531423097452333,0.11431859464592506,-0.5889568489868688,0.010120109631940093,-0.04625205244599337,0.8553945276661918,0.28258159627191864,0.2558848784274969,-0.12635292475353058,0.6173601559523529,0.09711369920954858,0.7014621702289809,-0.2510804942720852,0.31490253537709967,-0.04254581338540067,0.5054626619770303
la_liga,2000,20,0.22624168246130014,0.33748279899599654,-0.3104933199734847,0.18273774590425257,-0.1296733094671304,0.5858321171847778,-0.2562343374166065,0.2755087090741586,-0.1858650240485752,0.432708384725099,0.21493079375666202,0.3628180680720331,0.033295719072571194,0.8891710721697814,-0.15015360983102918,0.5274732452980198,0.035950933710538396,0.8803914122562034,0.31394302135234375,0.17766801443517702,-0.02080574503834105,0.46517915681155
la_liga,2001,20,0.2915743625536848,0.21228027553369008,-0.14534413806704743,0.5409304817154412,-0.09416444861064706,0.6929313205126109,-0.14023192788606628,0.5554042641078869,0.14181042116912024,0.5509168200631356,0.13694932807772978,0.5647881073977699,-0.28346455762675143,0.22585646361626918,-0.30656124201420687,0.1886347937541606,0.06625998755482042,0.7813590847778379,0.2010927195725983,0.3952461378581996,-0.013207949527676552,0.4708347749337002
la_liga,2002,20,-0.5681531282048885,0.008962253798898192,-0.0627913768709191,0.7925587206218399,-0.19387997688849318,0.4127617455135405,0.0156619424321712,0.9477472523767057,0.27420223591533543,0.24203982976229144,0.05843660252259382,0.8066749752334204,-0.02785305016868674,0.9072054705298386,-0.22430601556889143,0.34174298847032225,-0.10654133210572266,0.6548287882126445,0.39938593411174733,0.08106321754681416,-0.04358381648257537,0.5195585242066316
la_liga,2003,20,-0.19535819909981675,0.40913820415172397,-0.1445900093653932,0.5430547021635093,0.0441690892186795,0.8533068009606398,0.09525468480443247,0.6895447307973304,-0.4293538775159663,0.05886633770627867,0.2955019652055248,0.20590321904867798,-0.043994085144206316,0.8538820260235829,-0.16164592800568633,0.49596362106132563,0.26655225781053427,0.25595402967188285,-0.2573062781044709,0.27343498965716384,-0.05307703801963688,0.4639048661242116
la_liga,2005,20,-0.06772518850221759,0.7766404527084658,-0.20867397896352416,0.37728685515877225,0.26355659142258825,0.26153816921801315,-0.3006947133965043,0.1976690676917153,0.04052525907812023,0.8652980883104411,-0.003084048342528249,0.9897042568530228,-0.18481609734050614,0.43535594851252146,0.41394696151041455,0.06961361818851074,0.27787610030930643,0.23553398165056327,-0.09101541303698775,0.7027444801219789,0.013989547273816128,0.49113849184140046
la_liga,2007,20,0.20991645308422582,0.37438812138010213,-0.37277749216644107,0.10550381052206093,0.07621246171016505,0.7494601648764955,0.07986049169851075,0.7378622490517115,0.33206573747747753,0.15260606250518668,0.6201902532197908,0.0035315975032983063,-0.17331222508657598,0.46494585526433263,0.33281381894109896,0.15162747225564618,0.34374227099010474,0.13782639603380129,0.07751847133482036,0.7453019680573316,0.1526230241203177,0.36230536974499666
la_liga,2008,20,-0.2883455941023863,0.2176192506571387,0.10703333001409013,0.653330266074085,-0.03329654624853755,0.8891683350643604,-0.05863773489051086,0.8060216885270497,0.0721417503572819,0.7624631737489531,0.1448210228442628,0.5424035830853462,-0.3686494135192338,0.10972722321230634,-0.06643634919103748,0.780790724791184,0.04984664042406322,0.8346853456964746,-0.08673736592439196,0.7161485106994547,-0.05282602602363999,0.6312358101556352
la_liga,2009,20,-0.2840916942728494,0.22478689127901044,-0.13918813976000108,0.5583805420977287,-0.1966140968930176,0.4060732846571291,0.04769230769230769,0.841741784031203,-0.08206346262503653,0.7308846469605884,0.2109363894211021,0.37201801134685963,-0.12264050692468992,0.6064822859369412,0.37056039772377736,0.10775720089871421,-0.10832358821326779,0.6494064878247767,-0.09253226583939841,0.6980118353137529,-0.03962646596910736,0.5195542970346704
la_liga,2010,20,0.07218504337261095,0.7623245539718768,-0.07516670158442637,0.7527945657266997,-0.1853866409416145,0.4339147990257576,0.007091320125894387,0.9763290115716401,0.14244993000297135,0.549103435220093,0.11613631850909402,0.6258399238893975,-0.26341081300936836,0.2618118578775361,-0.07470251469061785,0.7542759788472142,0.10510406980682238,0.6592136528547179,-0.1645577665588915,0.4881286732069503,-0.03202577549675255,0.6263736452191884
la_liga,2011,20,-0.237139552309685,0.31408452436291573,0.05472081565815725,0.818765766614993,0.3625253866779334,0.11621550294770754,0.16147043768956387,0.4964377668327524,-0.11635795160661663,0.6251763157904184,0.22223939698342646,0.34632590914109285,-0.03919309893621015,0.8696892475160579,0.1246130404217245,0.6006604431926987,0.3730366873550377,0.10524261916018046,0.32185834052250234,0.16639941513513795,0.12277735024558338,0.44589975106939556
la_liga,2012,20,0.2920923356521117,0.21143189543777371,0.05544805224766056,0.8163962221354362,0.032000116275591836,0.8934596539005721,0.03986041876043415,0.8674891142763734,0.10334721811806939,0.664588096421414,0.05261142919844484,0.8256472439971126,0.3850213626790655,0.09367092465478619,0.2544594313194324,0.27896384371579963,-0.07373958842950774,0.7573517073682247,-0.018438202229167356,0.9385003715756621,0.11226625735921354,0.6347499073483154
la_liga,2013,20,-0.498273497431423,0.025351933243059382,-0.09725007477864024,0.6833612069634158,-0.26012627946849404,0.26802625891537535,0.05352988422351938,0.822649421695018,0.2929936980472275,0.20996091329594493,-0.3218022039961537,0.16647756096762356,-0.03880530556330023,0.870968215215266,-0.06084393304244436,0.7988640680239516,0.06346842380102524,0.7903694881754826,-0.3138318716763146,0.17782985372741014,-0.11809411598849981,0.4813858920222548
la_liga,2014,20,0.1702128805836709,0.4730886138804512,-0.22716888378451786,0.33545323033936647,0.25433565193541186,0.27920579952774044,0.15071244980708423,0.5259197618412874,-0.1567254439648911,0.5093411420321099,0.12305900621118013,0.6052451787827562,0.3071460571111514,0.18774971619309297,-0.06995843716997348,0.7694628655345198,0.31494242084121543,0.17621733942570172,0.18606849816313004,0.4321957902212512,0.10526241997334615,0.42938794377782774
la_liga,2015,20,0.5231361755590035,0.017937936020185296,-0.3024327652972002,0.1949629391631922,0.30216952109317996,0.1953712038622645,-0.18919244352615597,0.4243663774429103,-0.23425742227127352,0.3201753831861678,-0.10282309956113478,0.6661945161185905,0.23549765928639313,0.3175457759928156,0.1230593400185788,0.6052441924421141,0.030841510148214978,0.8972971784079322,0.43186259972332386,0.05724280811171388,0.08178610751729298,0.3696338310747887
la_liga,2016,20,0.27589943589980415,0.239020148401568,-0.07650499859566541,0.7485281752320188,0.0812946240996613,0.7333175556330376,-0.4725254844128512,0.03538954834980694,-0.11050278904811137,0.6427995486363792,0.27508534955144937,0.24046553699076822,-0.1711764923791797,0.47054931251515963,-0.13631107027154338,0.5666207253626242,-0.24047923270004487,0.307114485473427,0.12773827332222026,0.591484094667791,-0.044748238453426084,0.4575289131262581
la_liga,2017,20,-0.05997474087100014,0.8016821979994929,-0.030627952169141933,0.8980047653619021,-0.06637441850979268,0.7809902963889558,0.34747523452797074,0.1333218016930268,0.25212067374699326,0.2835575255587892,0.02410134031225665,0.9196628703906216,0.27759603157213203,0.23602591791186606,0.32304151333562486,0.16475821679409322,0.3686490705397335,0.10972757910464626,0.012082384968291698,0.9596790125943254,0.14480891374530677,0.5287410183797718
la_liga,2018,20,0.10761668672091852,0.6515551389444141,-0.05613722223057767,0.8141521239597247,-0.11696876595612854,0.623348868870327,-0.14236549263756682,0.549342710678002,-0.07716327446917866,0.7464322114589197,-0.023060399799642743,0.9231225880533127,0.08116725812265185,0.7337208290321173,-0.34259077583290565,0.13923727947907408,-0.2946970018023681,0.20719971574466867,-0.21850805544859922,0.35469052220915487,-0.1082707043333397,0.5742801988429715
la_liga,2019,20,0.20062814975918108,0.39636176700413417,-0.00270482042134144,0.9909702130936355,-0.10986501681363295,0.6447305141582336,-0.07463197335916066,0.7545011780099643,-0.027163713894310163,0.9094929039143831,0.10227803481620817,0.6678666212960669,0.11134327228492277,0.6402582069043243,-0.19876197563215772,0.4008607070313902,0.3349543468669727,0.14885151497705287,-0.23032475632224722,0.3285992745643139,0.010575154728443456,0.5882492900953499
la_liga,2020,20,0.05531971179517028,0.816814281129126,0.008866710142221597,0.9704049549834964,-0.03372093023255814,0.8877642185419037,0.14065270035381716,0.5542064715222494,-0.07642088139630863,0.7487961288486638,-0.09686186327415254,0.684562732014228,-0.09697582872881,0.6842099300610915,-0.1096096925976464,0.6455041674500241,0.29024906904966297,0.21446116968518683,0.1058302124883946,0.6569969551962215,0.018732920759979087,0.6863721009432191
la_liga,2021,20,-0.2680672611527757,0.25315899839037315,0.3664621061273388,0.11201386184536934,-0.035852829260255265,0.8807155690297368,0.04215065636827721,0.8599454959432863,0.2819732745474238,0.22841313432458613,0.23538536975578,0.31778332325627456,-0.04124947761816134,0.8629124542905557,0.03199725833932141,0.8934691171613226,-0.13647922191043788,0.566137661896249,0.33034537742552195,0.1548731579579044,0.0806665252622033,0.512942277409566
la_liga,2022,20,0.09980857420004163,0.6754610216732752,0.34008039547671215,0.14234829365094467,0.33810467643210995,0.1448307620989143,0.2133114831383701,0.3665318676569851,-0.16320913171604767,0.4917498696351599,-0.0767500897718549,0.7477476006359798,-0.26557279526355987,0.2577714238313309,0.1115965304120873,0.6394931923164104,-0.012456209585181195,0.9584325124291957,-0.008083179200194199,0.9730192461667573,0.057683025412248325,0.5397385790094953
la_liga,2023,20,0.1835786212238575,0.4384903721273278,0.07662552362778119,0.7481442935839842,-0.27520286394740084,0.24025654668135477,-0.06651109021192855,0.7805498894521022,0.10138715065253585,0.670602846430884,0.09542450781661695,0.6890177205899664,-0.10738320535817825,0.6522653958451914,-0.45402342786802746,0.044338010117888876,-0.04930668410890925,0.8364528323359873,-0.036636497421866865,0.8781266862388025,-0.05320479655955197,0.5978244593403489
la_liga,2024,20,-0.14194175829897657,0.5505441822580015,-0.08201030771174325,0.7310527708090373,-0.31597378648138524,0.17472874352711587,-0.12085454778249599,0.611773244174733,-0.12226219608553981,0.6076014818624382,-0.09108566985167796,0.7025250416210765,-0.07074110276508756,0.7669516382326165,-0.27055193060978233,0.24861723944985012,0.1254009124478584,0.5983415458426893,0.06013276522455884,0.8011696685765753,-0.10298876219142716,0.5793305556354135
premier_league,2001,20,0.21848136170115529,0.35475077839646907,-0.05308087479231488,0.8241146882502485,-0.001941748890620865,0.9935175938665457,-0.15563584933025426,0.5123266187121904,0.1712119435417383,0.4704560232753717,0.2995865104444775,0.19940757262661934,0.4822732470787516,0.03127893328678762,-0.017968887092251883,0.9400630173836663,-0.24883571897937098,0.29008822774643606,0.05261376874371691,0.8256396047890004,0.07467037524250267,0.5441643058333335
premier_league,2002,20,-0.04054058888879184,0.8652475789867804,-0.12066306094876623,0.612341636161327,0.12069640623205756,0.6122426417318729,-0.167594255998558,0.4800238362666682,0.12760352422066734,0.591878529520756,-0.07857036795116223,0.7419577581700234,0.2697809922817728,0.2500208378298012,-0.1386027646693863,0.5600527860559088,0.2293057168170853,0.3308033011320718,-0.21454858788398365,0.36369268892687134,-0.001313298678906527,0.5408261594782082
premier_league,2005,20,-0.057266461877716994,0.8104780752615427,-0.13480133288431004,0.5709659438938024,-0.10332454847855897,0.6646575496462472,-0.10441551824035626,0.6613181260676604,0.09122534301990443,0.7020888570007351,0.07555979077719276,0.7515407049067558,0.05880113008062213,0.8054910648590792,-0.017171932415713333,0.9427170619525663,-0.1803474769578704,0.4467301751019742,0.12116659268806824,0.6108474562898055,-0.025057441428873846,0.6966835014980168
premier_league,2006,20,0.3491322063813202,0.13135605610607917,0.050787413115758816,0.8316076586765884,-0.33681788106501415,0.14646380396846076,0.29854516469968373,0.2010504673253039,0.17008467736157898,0.4734269723439035,0.03959746676390249,0.8683559479494466,0.10546859577093277,0.6581005201501233,0.22896297583629754,0.3315465563525256,0.08543767276882411,0.7202368165527662,-0.023211222502162544,0.9226212230127844,0.0967987069131122,0.5284766022437982
premier_league,2007,20,0.103545066274377,0.6639820585980039,-0.1291509485212689,0.5873556038372397,-0.1852878020830462,0.43416427781488987,0.17411422825958578,0.4628504602188126,-0.026892208381223675,0.910394033373514,-0.3633479064118384,0.11532842771005798,0.29787254102142413,0.20211642351695114,-0.32057811920983237,0.1681878401390974,-0.05482632021150896,0.8184219083215984,0.09263810329350544,0.6976820158336385,-0.04119133659698262,0.5060483049363803
premier_league,2008,20,-0.26023662596054514,0.2678159912680197,0.18828216934877454,0.42663989766442223,-0.3726820389691271,0.10560011708091574,-0.020069508615696445,0.9330704433776712,-0.469065653875218,0.03694559259187374,0.17296245728237972,0.4658612011921496,0.0856268126211795,0.7196414018231662,0.05999224977311839,0.8016254065297235,0.42203805348743867,0.0638003565527397,0.2707625475395435,0.24823466007706413,0.007761046263184768,0.4069235068157746
premier_league,2009,20,0.2754279934132522,0.23985649793589436,-0.17332166718317701,0.46492115787752275,0.01968503937007874,0.9343499310045003,0.11821133581725883,0.619637865294002,-0.18033065095306208,0.44677329291176104,-0.013965528035192309,0.9534007359754745,0.14034101536105098,0.5550936191663787,0.1444162058468956,0.5435448074597984,0.14951466457780663,0.5292520242800707,-0.05562177634057251,0.8158304055539201,0.0424356631874339,0.6102660337459322
premier_league,2010,20,-0.08577405469925427,0.7191779894015238,-0.0007736990800081857,0.9974170326004261,0.1999264419964611,0.3980501535894925,0.4003569141236095,0.08025891765831078,-0.005818807141118222,0.9805758380819836,-0.15978416474804477,0.5010050280322287,0.20647762234320008,0.38244183420327194,-0.1310089194245477,0.5819444015231057,-0.26001918948225544,0.26823042028132676,-0.054703300740347995,0.8188228539638736,0.010887884314769405,0.5727924469335544
premier_league,2011,20,0.22498513757098462,0.3402447505010021,-0.22731409924358473,0.33513601732906084,-0.2993358590463767,0.19980219508461858,-0.1442824212888998,0.5439222009932421,0.17409956693437662,0.46288872265273007,-0.14842724963288415,0.5322857062875659,-0.18440691577383064,0.4363910615422686,0.19278794751287426,0.41544973696285603,-0.19329701896344859,0.41419550205094147,0.21313986870647392,0.36692672072135324,-0.03920510432243152,0.4047242614125639
premier_league,2012,20,0.26067307360670955,0.2669853460093,-0.20708900373881087,0.38100294014302016,0.03259217787767016,0.8914995073335703,-0.11583748790773062,0.6267351133536352,-0.21205170114714125,0.36943602604204295,0.00039932790571810305,0.9986668561502102,-0.019577428040214,0.9347080821206178,-0.1794773781527379,0.4489626985972285,0.3013541681242719,0.19663936430305312,-0.08028475188928727,0.7365169098830447,-0.02192990033615522,0.5851152843935723
premier_league,2013,20,0.14675160247232327,0.5369761342646927,-0.0800627483043887,0.7372207967439234,0.23303605129877644,0.3227776609262827,0.0833986927303603,0.7266653369046263,-0.07641441437758191,0.7488167305524169,-0.18003194725342725,0.447539102007799,-0.16866226873465276,0.4771891893033158,-0.035851230585061886,0.8807208515244994,-0.14269314667886657,0.5484144795960766,0.1328165533013911,0.576700338119155,-0.008771285613112792,0.6003020619942788
premier_league,2014,20,0.03720765234744284,0.876240599070351,-0.3840187346469868,0.09460158915109833,-0.1242714764419272,0.6016669001005992,0.013209495703605776,0.9559210011860846,-0.3376680114385902,0.1453834883527547,0.059488957010255944,0.80325825621512,0.3304811850754708,0.15469334582339486,0.2868291414611893,0.22015696731732434,-0.09055731033668789,0.7041758618259165,0.05531918618969306,0.8168159933459108,-0.015397991507653442,0.5372914002388554
premier_league,2015,20,0.3311567777909599,0.15380099957042587,-0.06406797038675476,0.7884321139901966,-0.20505468010291997,0.3858025084325617,0.2829070952511739,0.22680998892371068,0.29501471195125967,0.20668735804760588,-0.47045862867735827,0.036312838080897886,-0.2690621211278735,0.25133418756625814,-0.09448924348432844,0.691921823447101,0.16235779384496052,0.49404254474146014,0.024893581925120707,0.9170306676816301,-0.0006802683015760279,0.4152175030481849
premier_league,2016,20,-0.008685548949828549,0.9710093837033071,-0.039132122270750344,0.8698903319544904,-0.09481449708722646,0.6909114017018502,0.15265906322565545,0.520525245218639,-0.3492703894021868,0.13119305533686493,-0.10437455196621752,0.6614434117690051,-0.04754350332581775,0.8422296227670413,-0.14236128062767367,0.5493546477449116,0.0031081166361425355,0.9896239117274215,0.22557713876938842,0.3389418563959299,-0.04048375749985147,0.656512286831946
premier_league,2017,20,0.39908597404359636,0.08131288972394995,0.11394606401951198,0.632412758659198,-0.4123115440623449,0.07083534108892003,-0.2387674701475473,0.31067521580790963,0.13468917881811204,0.5712893151977751,0.09367872019825425,0.694441945961547,-0.40782731549150797,0.07426759398582998,0.1858623008070889,0.43271524732844124,-0.07668834912311687,0.7479442120872071,0.16503162258337348,0.48685945898613814,-0.004330081835457997,0.41027539788269163
premier_league,2018,20,-0.2089724540854958,0.37658935183203,0.009132064661612727,0.9695196506091381,0.05898482502021813,0.8048946157713432,0.03015194544085699,0.8995821962617189,-0.13119200337302872,0.5814123376525189,-0.05651154846221292,0.8129338132346664,0.12819669251385374,0.5901430465603676,-0.04317504130479088,0.8565751000053188,-0.010937513351464877,0.9634970804106257,0.19745532958536788,0.40402735022938674,-0.0026867703355083704,0.7259174542567115
premier_league,2019,20,-0.21369620638947315,0.36564757088126776,0.31849997843716343,0.17111891534865709,-0.01321932057341021,0.9558882469409802,-0.2582738821651662,0.2715715103389634,-0.06640633106246532,0.7808874565523591,-0.6117874748672073,0.004148869951091029,0.10939606991827865,0.6461517311688616,-0.09879443031163446,0.6785886629455975,-0.05574963445407695,0.8154140297689224,0.03607064878401519,0.8799958744676113,-0.08539605826839763,0.5569412868364311
premier_league,2020,20,0.7116639751798116,0.00043314487972880586,0.1787167065781958,0.4509191794200609,-0.007692307692307692,0.97432350966086,-0.4643541451319088,0.03914949986019013,-0.16159525025539453,0.4961005212690406,0.212898469964843,0.3674825444425984,-0.017021308436419677,0.9432187410018248,0.16207302351542408,0.4948106031366476,-0.0808101323460601,0.7348519387896233,-0.41541370107926434,0.06853140343753066,0.01184653302969193,0.4569821085898105
premier_league,2021,20,0.11234191278188477,0.6372436570886699,0.10319820644041332,0.6650446733220685,0.042710406586919325,0.8581035324138805,-0.13601745112629182,0.5674646627461319,0.22056949785069296,0.3500550506691703,-0.2178474739934402,0.35618339692275514,0.2910651801725043,0.2131164441574585,-0.2288694990680157,0.3317494376200386,-0.19107023229801348,0.4196968852446974,0.07948032678081379,0.7390683848644948,0.007556087412746726,0.5137726125049367
premier_league,2022,20,0.0030899963680010908,0.9896844010595169,-0.04818985960658591,0.8401110189559234,-0.17470487307196395,0.461310364368964,-0.013328107648894586,0.9555255761076664,0.044556537369720546,0.8520335423770223,-0.011997608407142101,0.9599617085836987,-0.1295650020523407,0.5861478623479428,-0.14623218991679848,0.5384339043441875,-0.3657891933478974,0.11272418681569388,0.07382405661921679,0.7570817622336701,-0.07683362436946847,0.7053014327194285
premier_league,2023,20,0.05112354376553971,0.8305085949854207,-0.05002212873741225,0.8341110681939561,0.27774479158905085,0.23576454071396957,0.1635114654898187,0.49093693457911414,-0.08395012460396818,0.7249250197970689,0.03879033149152399,0.8710176068797337,-0.5397331623172822,0.01403827617988231,0.23658660656612193,0.31524763966849567,0.4513412724740977,0.04576795472250484,0.07429648521168972,0.7555724655379646,0.06196890809291801,0.511789010125811
premier_league,2024,20,-0.17582422998807729,0.4583988542325338,-0.23156726234483208,0.32592372735286346,-0.1439732339155145,0.5447948445888545,0.07131681152780495,0.7651058689895363,0.20712537800646644,0.3809174286821948,-0.048425719541546376,0.839338188343185,0.16791257737854162,0.47917809276625134,0.2764499528116731,0.2380459007992266,0.142640288454779,0.54856417697554,0.11748906749819364,0.6217938891894188,0.03831436298874884,0.5202060971919604
serie_a,2000,18,-0.08608685526441799,0.73412293349741,-0.23064432183950073,0.3571594441497009,-0.06905105841313156,0.7854285996260177,-0.1835629941256963,0.4659329107424808,-0.027852844471748937,0.9126420570794631,0.22364673823395384,0.3723340948855718,0.25898573806278335,0.2993902373538796,0.061795813521002926,0.8075502689641882,0.3020292961771041,0.22318269772538574,0.1623520499185733,0.5198064234599795,0.0411611561798922,0.5477549667484076
serie_a,2001,18,-0.33537709857773407,0.17366261572125774,-0.26421379352016655,0.2893890426454949,0.02238868314198225,0.9297349493835521,-0.41310141680753454,0.08840038410504976,-0.2792575787416347,0.2617594644801217,0.19341661624885975,0.4418988940404074,-0.0672671001220366,0.7908541841215573,-0.04072823364930206,0.8725220704087358,0.23602641752772033,0.34573134724028265,0.24716496385759887,0.3227589940939024,-0.07009485406422471,0.45167119462403627
serie_a,2002,18,-0.3168392553416255,0.2001783379856332,0.14962726304579338,0.5534538362201231,-0.4012869236671622,0.09883695560358965,0.14174186593214924,0.5747751257825907,-0.1982057283464679,0.4304539165184018,-0.09376676867373533,0.7113259742049539,-0.09150264715604801,0.71802354389112,0.23989879045708876,0.33764073626838176,-0.2018440823257876,0.42186400116541134,0.2239362969309418,0.3716991208518633,-0.054824118914485354,0.4418251548492068
serie_a,2005,20,0.12490406764989677,0.5998034476189407,-0.12394149345650501,0.6026398918854262,-0.10360016217839549,0.6638133275152064,0.21188744423089376,0.369815645817108,-0.22860691801466987,0.33231973366424417,-0.10342300618926721,0.6643559227785861,0.04536757219044793,0.8493694085727976,-0.1436895912710467,0.5455959497278204,0.011188271604938271,0.962660750726253,-0.2929092898596117,0.21009837560787264,-0.06028231052933193,0.5800472453914255
serie_a,2006,20,-0.3017774909537668,0.19598026297241583,-0.34717095941207887,0.13368502523942546,0.17310055944733863,0.46549967718242147,0.4191673040226804,0.06581938088075917,0.058153393344257426,0.8075950599252281,0.12923128128149763,0.5871212011120936,0.6866232695667781,0.0008269566920944402,0.16770676851810706,0.4797248184185182,0.26248049921996874,0.26356271374238927,-0.1538461651123647,0.5172483560433467,0.10936684599224175,0.35170634522086924
serie_a,2007,20,0.11575688052940365,0.6269766703218762,-0.050672779938345174,0.8319825496088082,-0.010101119871928077,0.9662868831357858,-0.41382997878091665,0.0697004807513917,0.02198922892555582,0.9266841683598881,0.0975267545909944,0.6825053224135482,-0.028912953211202335,0.9036897584299284,0.13334518676566626,0.5751705965139541,-0.4630849654120928,0.039760260488599264,-0.09471024159897515,0.691235223546232,-0.069269398800184,0.6313991913570012
serie_a,2008,20,0.3272835271497806,0.1589656620680558,-0.3284900542636886,0.15734417757189398,0.3169857656876208,0.1732764854634515,0.35408560311284054,0.1256021437426526,0.0003920284684474811,0.9986912250753828,-0.05293889073702007,0.8245781461182718,-0.10994723623009713,0.6444814573548523,0.44774005727830735,0.04774334880470091,0.15164794402002224,0.5233240350810031,0.022078559710535097,0.9263870965088065,0.11288373041967484,0.45803937777890713
serie_a,2009,20,0.12475830463521753,0.6002326166068024,-0.23747722427476012,0.31337550523085067,-0.033307553524127904,0.8891319123685557,-0.17119818052109972,0.4704922393639639,0.012062289682131468,0.9597460219340124,0.27784462576010227,0.23558923310529561,0.3282305105143798,0.15769201486632728,-0.32101954697336776,0.16756969847086126,-0.4079088978543176,0.07420406276284268,0.2414922284754996,0.305018979242049,-0.018652344408034247,0.4173052283951561
serie_a,2010,20,-0.06935874499119396,0.7713885100022735,-0.48443711787915095,0.030419360832271643,-0.3894704058098326,0.08962198299850023,0.30594929902184703,0.18956393251328033,-0.22369014691959271,0.34310500965118995,-0.11644206260289992,0.6249245454382084,-0.43627119315587903,0.05447242864089362,0.07899984774673954,0.7405936231212387,0.1016234036924542,0.6698768377196591,-0.013912908425856413,0.9535761321096607,-0.12470100293233648,0.4467542363027176
serie_a,2011,20,0.11926289066393621,0.6165042374387164,0.16786666333408334,0.47930003523747644,0.0371096581253028,0.8765641535511357,-0.08270496949707766,0.7288565563778284,0.5212216183835338,0.01843851229616703,0.10648980822595872,0.6549857927633296,-0.32996934190610516,0.15537179315871824,0.2084810991587226,0.3777379806982972,-0.22668623072487623,0.3365088208859177,-0.02733624290744359,0.9089203336541609,0.04937349528560347,0.5153188216061748
serie_a,2012,20,-0.03506746081335106,0.8833112381525872,-0.22213445675904683,0.3465595735158038,-0.33217413566899795,0.15246399196256644,-0.2301433725626307,0.3289909419664869,-0.030502512538402173,0.8984204221941845,-0.29452722932434416,0.20747384547137498,-0.2893618969922405,0.2159293105719777,-0.10876618326851077,0.6480625593497797,-0.02097091332063925,0.9300712543562545,0.008630841599402691,0.9711919130737346,-0.15550173196487607,0.558247505061475
serie_a,2013,20,0.2841198019794653,0.22473903154587838,-0.10888900913802717,0.6476897872276007,-0.20198934756858547,0.39309786517122924,-0.3581340829675445,0.12103443534939627,-0.16568615413965992,0.48510899259849316,0.012091955175707646,0.9596471000634017,0.12310947904813895,0.6050960481306653,0.26042426985560857,0.2674586696124272,-0.46244820303881834,0.04006945354966581,0.03549491851668811,0.8818983324029721,-0.05819063722770269,0.462583971565173
serie_a,2014,20,0.15437806231952425,0.5157832750548631,0.2450974812956827,0.29763161738359717,-0.009652512530377891,0.9677833768980398,-0.26196187595312287,0.26454196174933137,-0.16679646501387296,0.48214673880856895,-0.19264614494988394,0.41579947050194843,-0.27731535027752824,0.2365195957756049,-0.34269313458668704,0.13911145356323049,-0.0278002307325762,0.9073807172849705,-0.35835516948819884,0.12078846095771142,-0.1237745339917041,0.4347486667977865
serie_a,2015,20,0.27451002538705477,0.2414903951102253,-0.17878922664588523,0.4507324646656792,-0.09484425692083913,0.6908189759104302,-0.423881468781041,0.06252872022748533,-0.07674501617556778,0.747763756802893,0.14714232100264477,0.5358807500697614,0.46952054666626447,0.03673802373007004,0.23287178188697222,0.32312861529118286,0.2967614283156846,0.20388551492626367,-0.18802762854950117,0.4272768029170203,0.045851850618578646,0.37202440196510117
serie_a,2016,20,0.1662786180221904,0.48352720904630175,-0.07382599147104416,0.7570755791125382,0.06027966512662343,0.8006932898566389,-0.1367498589625726,0.5653605594439506,-0.09385010968144246,0.6939087941248022,-0.32534922734393085,0.1615892589908227,-0.15032961180148474,0.5269837580933135,0.18727032244525157,0.4291747039347791,-0.2289092296674784,0.33166319767209784,-0.010526604589171653,0.9648676235245787,-0.06057120279230595,0.5714843973799824
serie_a,2017,20,-0.11628992255887116,0.6253799771105732,0.013883987916313947,0.9536725332747118,0.06763766028824325,0.7769221247849114,-0.14791802672829843,0.5337091019829232,-0.21522726046648497,0.3621404778523255,-0.26439893741842235,0.25996026362894253,-0.06877687121462778,0.7732581700051865,-0.18132394354032236,0.4442316213754307,-0.1322346600529915,0.5783862246243379,0.0031056359278204032,0.9896321928593635,-0.1041542337847641,0.6297292687498706
serie_a,2018,20,-0.18965656447542245,0.42320967541904675,0.16805550134264546,0.4787986020882473,0.1641357482972614,0.48926041219004424,-0.0775870646508016,0.7450837604106479,0.2680188739172723,0.25324796655020404,-0.10601001679986617,0.6564484909981957,0.09181719505619568,0.7002415616876283,0.12747981884306278,0.5922407345424394,-0.06403978077753689,0.7885231791676682,0.19524557762235434,0.4094136609268866,0.05774592883751648,0.5536468043981008
serie_a,2019,20,0.47167913737512246,0.03576538477044615,0.10892243697205008,0.6475883489167256,-0.07420223539568432,0.7558735033458245,-0.447537020385336,0.047856638545414214,0.08877108597800869,0.7097661881582538,-0.1714954124694718,0.4697104145088473,0.2490306283772521,0.289698175693087,-0.1829008470361063,0.44021212679235366,-0.28254229287956834,0.22743539180688613,-0.1247578560987871,0.6002339374252164,-0.03650323755625205,0.4224140109963055
serie_a,2020,20,-0.39584519236932386,0.08404681741882325,0.18111997630958804,0.44475292352833984,0.12120752808102221,0.6107260495885474,-0.19727216952565946,0.4044723269778647,0.20913694606727448,0.3762052631921604,0.334757912636871,0.14910477412559,0.13291780346233256,0.5764072081562563,0.16561468224769704,0.4852999840049267,0.22720877219345476,0.3353660793085038,-0.04239711263263248,0.8591343988016893,0.07364491464706244,0.4325515825102702
serie_a,2021,20,-0.043076923076923075,0.8568978226443749,0.03230803641878849,0.8924401434794857,-0.12141209339173742,0.6101194938538429,-0.052508755430469914,0.82598251471535,-0.3499808787158307,0.1303572230999324,0.25929289642154735,0.2696176344532989,-0.20387394298140601,0.38860361363232687,-0.062483550832737995,0.7935545721293463,0.12384271884416274,0.6029312657429118,0.1859562614333005,0.4324784986241702,-0.0231936231311306,0.580298278237504
serie_a,2022,20,0.1831861669265107,0.43948689516636674,0.023401000109913007,0.9219904039631792,-0.37179129602870176,0.10650189579625047,-0.1544372904292496,0.5156202563977923,-0.05009652137718622,0.8338676460601899,-0.02051346693315361,0.9315931769224012,0.01618640211624387,0.9459999083046042,0.12723075575883558,0.5929702643258677,-0.17590037974712489,0.4582011272012356,0.03779788952948691,0.8742921725664806,-0.0384936740074426,0.6620523746704368
serie_a,2023,20,0.3284047687034833,0.1574584175735183,-0.05744270537329201,0.8099049985948268,0.007758185370576336,0.9741036839594683,0.04846153846153846,0.839220834619363,-0.5211804986219438,0.018449384473637583,-0.04620854522102942,0.846608591623352,-0.3789383122119289,0.09942163138065176,-0.35365002762437,0.1261007895144349,-0.009460610216187973,0.968423569157836,-0.17237354085603115,0.4674044655343107,-0.11546297475891851,0.53070963664314
serie_a,2024,20,0.019426338899936686,0.9352109560844308,0.034631021334718806,0.8847541820567308,-0.28354903521434455,0.22571219527968395,-0.12638050871215173,0.5954635496731864,0.3890854681705513,0.08996712672151738,0.11573291884086982,0.6270484836122809,0.007388429041902574,0.9753375381397167,-0.019051897942247823,0.9364573192216057,0.0345894318107346,0.8848917024713989,0.07036339651889374,0.7681632527214116,0.024223556274886336,0.6923006305981962
