league,season,spearman_r,spearman_p
NBA,1949,-0.067118227,0.797993587
NBA,1950,0.219178082,0.517294306
NBA,1951,-0.219152504,0.542972348
NBA,1952,-0.021406828,0.953194017
NBA,1953,0.200068088,0.605776029
NBA,1954,0.55215763,0.155884096
NBA,1955,0.31097561,0.453421581
NBA,1956,-0.5,0.20703125
NBA,1957,0.41724859,0.303718252
NBA,1958,0.808888588,0.015044584
NBA,1959,0.201234477,0.632747924
NBA,1960,0.281195946,0.499891424
NBA,1961,0.624022802,0.072480665
NBA,1962,0.350214088,0.355505053
NBA,1963,-0.008658739,0.982361664
NBA,1964,-0.008621971,0.982436552
NBA,1965,0.18298038,0.637480049
NBA,1966,0.065625,0.857061955
NBA,1967,-0.143877788,0.655518304
NBA,1968,-0.276297416,0.338961842
NBA,1969,-0.346806807,0.22444127
NBA,1970,-0.458115474,0.064414394
NBA,1971,-0.323151713,0.205806639
NBA,1972,-0.4539801,0.067175377
NBA,1973,0.079079008,0.762889631
NBA,1974,-0.36499763,0.136401301
NBA,1975,-0.260528625,0.296417339
NBA,1976,0.087888615,0.697331425
NBA,1977,-0.316423648,0.151373648
NBA,1978,-0.168692384,0.452980996
NBA,1979,-0.099978036,0.657998883
NBA,1980,0.284675633,0.187986609
NBA,1981,0.168009079,0.443508999
NBA,1982,-0.091815534,0.6769285
NBA,1983,-0.107152461,0.626518658
NBA,1984,-0.125442095,0.568466996
NBA,1985,-0.068257581,0.756973427
NBA,1986,-0.136672752,0.534049834
NBA,1987,-0.06091754,0.782460249
NBA,1988,0.031012458,0.883006782
NBA,1989,-0.019221845,0.924186156
NBA,1990,-0.277252129,0.161483562
NBA,1991,-0.486640074,0.010051356
NBA,1992,-0.043781865,0.828336125
NBA,1993,-0.133829054,0.505734194
NBA,1994,-0.081068537,0.687702794
NBA,1995,-0.1033013,0.593857195
NBA,1996,-0.478730475,0.008609436
NBA,1997,-0.331118401,0.079332691
NBA,1998,-0.122552109,0.526519679
NBA,1999,0.04081132,0.833514972
NBA,2000,-0.014239356,0.941557986
NBA,2001,-0.043864461,0.821251747
NBA,2002,-0.141301195,0.464693887
NBA,2003,0.078402196,0.686021385
NBA,2004,-0.298505006,0.109093513
NBA,2005,-0.011852177,0.950434888
NBA,2006,-0.075137998,0.69312401
NBA,2007,-0.485926005,0.006481318
NBA,2008,-0.054976196,0.772933199
NBA,2009,-0.066795192,0.725814378
NBA,2010,0.125802154,0.507710063
NBA,2011,0.235132495,0.211016412
NBA,2012,-0.22387081,0.234339039
NBA,2013,-0.169430526,0.370748381
NBA,2014,-0.371310115,0.043362047
NBA,2015,0.02231997,0.906803629
NBA,2016,-0.167366586,0.376690208
NBA,2017,0.478165938,0.00752538
NBA,2018,0.351634947,0.05671436
NBA,2019,-0.080277409,0.673247076
NBA,2020,-0.041988208,0.825634682
NBA,2021,-0.430534057,0.017551077
NBA,2022,0.105927875,0.577452947
NBA,2023,0.07430184,0.696377285
NBA,2024,-0.105126792,0.580350923
MLB,1980,-0.367581562,0.064688238
MLB,1981,0.115410986,0.574509743
MLB,1982,0.430939252,0.027958612
MLB,1983,0.268257704,0.185164889
MLB,1984,-0.33069648,0.098922499
MLB,1985,0.064361199,0.754764833
MLB,1986,-0.438662928,0.024977505
MLB,1987,0.049645409,0.809678129
MLB,1988,-0.1737639,0.395917244
MLB,1989,-0.032197092,0.875923095
MLB,1990,-0.141552566,0.490340693
MLB,1991,-0.110554779,0.590819167
MLB,1992,-0.364692492,0.066982671
MLB,1993,0.059339184,0.764221295
MLB,1994,-0.12536243,0.525019503
MLB,1995,0.045913481,0.816540561
MLB,1996,-0.182031531,0.353883372
MLB,1997,-0.476557155,0.010352642
MLB,1998,0.002684564,0.988766826
MLB,1999,-0.07816369,0.681396811
MLB,2000,-0.103664703,0.585656672
MLB,2001,0.023504283,0.901881608
MLB,2002,-0.24851775,0.185424624
MLB,2003,-0.421674715,0.020292863
MLB,2004,-0.024220699,0.898905891
MLB,2005,-0.307191744,0.09868403
MLB,2006,0.034955815,0.854498936
MLB,2007,0.284288923,0.127867896
MLB,2008,0.231718965,0.217911223
MLB,2009,0.277138082,0.138162925
MLB,2010,-0.152472222,0.42119006
MLB,2011,0.10193089,0.591975906
MLB,2012,0.139391604,0.462561271
MLB,2013,-0.238272964,0.204806202
MLB,2014,-0.035449094,0.852467825
MLB,2015,0.171355168,0.365257457
MLB,2016,0.132681377,0.484585845
MLB,2017,0.197562569,0.295342433
MLB,2018,0.211080024,0.262849973
MLB,2019,-0.054714778,0.773985085
MLB,2020,0.006865636,0.971276701
MLB,2021,-0.1168497,0.538601324
MLB,2022,-0.030493989,0.872910737
MLB,2023,0.106462359,0.575523004
MLB,2024,-0.162956162,0.389571858
NFL,1949,-0.067118227,0.797993587
NFL,1950,0.219178082,0.517294306
NFL,1951,-0.219152504,0.542972348
NFL,1952,-0.021406828,0.953194017
NFL,1953,0.200068088,0.605776029
NFL,1954,0.55215763,0.155884096
NFL,1955,0.31097561,0.453421581
NFL,1956,-0.5,0.20703125
NFL,1957,0.41724859,0.303718252
NFL,1958,0.808888588,0.015044584
NFL,1959,0.201234477,0.632747924
NFL,1960,0.281195946,0.499891424
NFL,1961,0.624022802,0.072480665
NFL,1962,0.350214088,0.355505053
NFL,1963,-0.008658739,0.982361664
NFL,1964,-0.008621971,0.982436552
NFL,1965,0.18298038,0.637480049
NFL,1966,0.065625,0.857061955
NFL,1967,-0.143877788,0.655518304
NFL,1968,-0.276297416,0.338961842
NFL,1969,-0.346806807,0.22444127
NFL,1970,-0.458115474,0.064414394
NFL,1971,-0.323151713,0.205806639
NFL,1972,-0.4539801,0.067175377
NFL,1973,0.079079008,0.762889631
NFL,1974,-0.36499763,0.136401301
NFL,1975,-0.260528625,0.296417339
NFL,1976,0.087888615,0.697331425
NFL,1977,-0.316423648,0.151373648
NFL,1978,-0.168692384,0.452980996
NFL,1979,-0.099978036,0.657998883
NFL,1980,0.284675633,0.187986609
NFL,1981,0.168009079,0.443508999
NFL,1982,-0.091815534,0.6769285
NFL,1983,-0.107152461,0.626518658
NFL,1984,-0.125442095,0.568466996
NFL,1985,-0.068257581,0.756973427
NFL,1986,-0.136672752,0.534049834
NFL,1987,-0.06091754,0.782460249
NFL,1988,0.031012458,0.883006782
NFL,1989,-0.019221845,0.924186156
NFL,1990,-0.277252129,0.161483562
NFL,1991,-0.486640074,0.010051356
NFL,1992,-0.043781865,0.828336125
NFL,1993,-0.133829054,0.505734194
NFL,1994,-0.081068537,0.687702794
NFL,1995,-0.1033013,0.593857195
NFL,1996,-0.478730475,0.008609436
NFL,1997,-0.331118401,0.079332691
NFL,1998,-0.122552109,0.526519679
NFL,1999,0.04081132,0.833514972
NFL,2000,-0.014239356,0.941557986
NFL,2001,-0.043864461,0.821251747
NFL,2002,-0.141301195,0.464693887
NFL,2003,0.078402196,0.686021385
NFL,2004,-0.298505006,0.109093513
NFL,2005,-0.011852177,0.950434888
NFL,2006,-0.075137998,0.69312401
NFL,2007,-0.485926005,0.006481318
NFL,2008,-0.054976196,0.772933199
NFL,2009,-0.066795192,0.725814378
NFL,2010,0.125802154,0.507710063
NFL,2011,0.235132495,0.211016412
NFL,2012,-0.22387081,0.234339039
NFL,2013,-0.169430526,0.370748381
NFL,2014,-0.371310115,0.043362047
NFL,2015,0.02231997,0.906803629
NFL,2016,-0.167366586,0.376690208
NFL,2017,0.478165938,0.00752538
NFL,2018,0.351634947,0.05671436
NFL,2019,-0.080277409,0.673247076
NFL,2020,-0.041988208,0.825634682
NFL,2021,-0.430534057,0.017551077
NFL,2022,0.105927875,0.577452947
NFL,2023,0.07430184,0.696377285
NFL,2024,-0.105126792,0.580350923
