season,team,rank,simulation_seed
2004,BIE,1,1
2004,STU,2,1
2004,WERB,3,1
2004,DOR,4,1
2004,HAM,5,1
2004,MAI,6,1
2004,BOC,7,1
2004,M'G,8,1
2004,KAI,9,1
2004,WOB,10,1
2004,HERT,11,1
2004,HANR,12,1
2004,LEVK,13,1
2004,BAY,14,1
2004,SCH,15,1
2004,NUR,16,1
2004,HAN,17,1
2004,FRE,18,1
2005,BIE,1,1
2005,M'G,2,1
2005,HERT,3,1
2005,KAI,4,1
2005,WOB,5,1
2005,HAN,6,1
2005,NUR,7,1
2005,DUI,8,1
2005,DOR,9,1
2005,BAY,10,1
2005,LEVK,11,1
2005,STU,12,1
2005,SCH,13,1
2005,EINF,14,1
2005,KOL,15,1
2005,HAM,16,1
2005,WERB,17,1
2005,MAI,18,1
2006,HERT,1,1
2006,STU,2,1
2006,EINF,3,1
2006,BOC,4,1
2006,WERB,5,1
2006,HAM,6,1
2006,LEVK,7,1
2006,MAI,8,1
2006,COT,9,1
2006,NUR,10,1
2006,DOR,11,1
2006,BIE,12,1
2006,M'G,13,1
2006,BAY,14,1
2006,AAC,15,1
2006,SCH,16,1
2006,WOB,17,1
2006,HAN,18,1
2007,DUI,1,1
2007,NUR,2,1
2007,EINF,3,1
2007,STU,4,1
2007,COT,5,1
2007,BOC,6,1
2007,HAN,7,1
2007,DOR,8,1
2007,BAY,9,1
2007,HANR,10,1
2007,HAM,11,1
2007,LEVK,12,1
2007,SCH,13,1
2007,WOB,14,1
2007,KAR,15,1
2007,HERT,16,1
2007,WERB,17,1
2007,BIE,18,1
2008,WERB,1,1
2008,STU,2,1
2008,COT,3,1
2008,BIE,4,1
2008,M'G,5,1
2008,DOR,6,1
2008,BAY,7,1
2008,HAM,8,1
2008,HERT,9,1
2008,HOF,10,1
2008,LEVK,11,1
2008,SCH,12,1
2008,HAN,13,1
2008,BOC,14,1
2008,KOL,15,1
2008,WOB,16,1
2008,EINF,17,1
2008,KAR,18,1
2009,HOF,1,1
2009,M'G,2,1
2009,WERB,3,1
2009,STU,4,1
2009,LEVK,5,1
2009,BOC,6,1
2009,FRE,7,1
2009,HAM,8,1
2009,SCH,9,1
2009,MAI,10,1
2009,BAY,11,1
2009,DOR,12,1
2009,HAN,13,1
2009,WOB,14,1
2009,NUR,15,1
2009,KOL,16,1
2009,HERT,17,1
2009,EINF,18,1
2010,DOR,1,1
2010,HAM,2,1
2010,MAI,3,1
2010,HOF,4,1
2010,M'G,5,1
2010,FRE,6,1
2010,STU,7,1
2010,LEVK,8,1
2010,KAI,9,1
2010,WOB,10,1
2010,EINF,11,1
2010,KOL,12,1
2010,BAY,13,1
2010,WERB,14,1
2010,NUR,15,1
2010,STP,16,1
2010,HAN,17,1
2010,SCH,18,1
2011,BAY,1,1
2011,HAM,2,1
2011,STU,3,1
2011,MAI,4,1
2011,HERT,5,1
2011,WOB,6,1
2011,LEVK,7,1
2011,AUG,8,1
2011,M'G,9,1
2011,DOR,10,1
2011,WERB,11,1
2011,NUR,12,1
2011,SCH,13,1
2011,HOF,14,1
2011,KAI,15,1
2011,HAN,16,1
2011,KOL,17,1
2011,FRE,18,1
2012,GREF,1,1
2012,WOB,2,1
2012,MAI,3,1
2012,WERB,4,1
2012,HAN,5,1
2012,BAY,6,1
2012,FRE,7,1
2012,NUR,8,1
2012,HAM,9,1
2012,AUG,10,1
2012,HOF,11,1
2012,EINF,12,1
2012,M'G,13,1
2012,DOR,14,1
2012,STU,15,1
2012,LEVK,16,1
2012,FORD,17,1
2012,SCH,18,1
2013,NUR,1,1
2013,FRE,2,1
2013,BRA,3,1
2013,HOF,4,1
2013,HAM,5,1
2013,DOR,6,1
2013,WOB,7,1
2013,MAI,8,1
2013,M'G,9,1
2013,HERT,10,1
2013,SCH,11,1
2013,AUG,12,1
2013,HAN,13,1
2013,WERB,14,1
2013,EINF,15,1
2013,STU,16,1
2013,BAY,17,1
2013,LEVK,18,1
2014,FRE,1,1
2014,KOL,2,1
2014,EINF,3,1
2014,SCH,4,1
2014,PAD,5,1
2014,BAY,6,1
2014,AUG,7,1
2014,HAM,8,1
2014,WOB,9,1
2014,HOF,10,1
2014,DOR,11,1
2014,WERB,12,1
2014,STU,13,1
2014,M'G,14,1
2014,MAI,15,1
2014,LEVK,16,1
2014,HERT,17,1
2014,HAN,18,1
2015,HAN,1,1
2015,DAR,2,1
2015,WOB,3,1
2015,SCH,4,1
2015,LEVK,5,1
2015,ING,6,1
2015,M'G,7,1
2015,DOR,8,1
2015,BAY,9,1
2015,HOF,10,1
2015,HERT,11,1
2015,AUG,12,1
2015,KOL,13,1
2015,WERB,14,1
2015,STU,15,1
2015,HAM,16,1
2015,EINF,17,1
2015,MAI,18,1
2016,EINF,1,1
2016,M'G,2,1
2016,HOF,3,1
2016,HAM,4,1
2016,LEVK,5,1
2016,HERT,6,1
2016,WOB,7,1
2016,SCH,8,1
2016,WERB,9,1
2016,ING,10,1
2016,MAI,11,1
2016,FRE,12,1
2016,AUG,13,1
2016,BAY,14,1
2016,RBL,15,1
2016,DOR,16,1
2016,KOL,17,1
2016,DAR,18,1
2017,HERT,1,1
2017,SCH,2,1
2017,HOF,3,1
2017,HAN,4,1
2017,KOL,5,1
2017,RBL,6,1
2017,WOB,7,1
2017,M'G,8,1
2017,AUG,9,1
2017,BAY,10,1
2017,HAM,11,1
2017,STU,12,1
2017,DOR,13,1
2017,FRE,14,1
2017,EINF,15,1
2017,WERB,16,1
2017,LEVK,17,1
2017,MAI,18,1
2018,HAN,1,1
2018,FORD,2,1
2018,WERB,3,1
2018,RBL,4,1
2018,STU,5,1
2018,DOR,6,1
2018,SCH,7,1
2018,M'G,8,1
2018,NUR,9,1
2018,AUG,10,1
2018,HOF,11,1
2018,LEVK,12,1
2018,HERT,13,1
2018,FRE,14,1
2018,MAI,15,1
2018,EINF,16,1
2018,BAY,17,1
2018,WOB,18,1
2019,FRE,1,1
2019,FORD,2,1
2019,WOB,3,1
2019,RBL,4,1
2019,WERB,5,1
2019,LEVK,6,1
2019,EINF,7,1
2019,HOF,8,1
2019,SCH,9,1
2019,PAD,10,1
2019,AUG,11,1
2019,KOL,12,1
2019,DOR,13,1
2019,BAY,14,1
2019,MAI,15,1
2019,HERT,16,1
2019,UNI,17,1
2019,M'G,18,1
2020,HOF,1,1
2020,SCH,2,1
2020,WERB,3,1
2020,EINF,4,1
2020,MAI,5,1
2020,STU,6,1
2020,WOB,7,1
2020,RBL,8,1
2020,FRE,9,1
2020,HERT,10,1
2020,BIE,11,1
2020,AUG,12,1
2020,LEVK,13,1
2020,M'G,14,1
2020,UNI,15,1
2020,KOL,16,1
2020,BAY,17,1
2020,DOR,18,1
2021,M'G,1,1
2021,BIE,2,1
2021,BAY,3,1
2021,FRE,4,1
2021,GREF,5,1
2021,LEVK,6,1
2021,HERT,7,1
2021,RBL,8,1
2021,KOL,9,1
2021,WOB,10,1
2021,BOC,11,1
2021,DOR,12,1
2021,UNI,13,1
2021,HOF,14,1
2021,STU,15,1
2021,MAI,16,1
2021,AUG,17,1
2021,EINF,18,1
2022,WOB,1,1
2022,STU,2,1
2022,MAI,3,1
2022,UNI,4,1
2022,EINF,5,1
2022,RBL,6,1
2022,BOC,7,1
2022,SCH,8,1
2022,DOR,9,1
2022,LEVK,10,1
2022,FRE,11,1
2022,HERT,12,1
2022,AUG,13,1
2022,HOF,14,1
2022,KOL,15,1
2022,WERB,16,1
2022,BAY,17,1
2022,M'G,18,1
2023,STU,1,1
2023,WERB,2,1
2023,BAY,3,1
2023,BOC,4,1
2023,MAI,5,1
2023,LEVK,6,1
2023,M'G,7,1
2023,UNI,8,1
2023,HEI,9,1
2023,RBL,10,1
2023,FRE,11,1
2023,DOR,12,1
2023,KOL,13,1
2023,HOF,14,1
2023,WOB,15,1
2023,AUG,16,1
2023,EINF,17,1
2023,DAR,18,1
2024,AUG,1,1
2024,BOC,2,1
2024,MAI,3,1
2024,UNI,4,1
2024,LEVK,5,1
2024,FRE,6,1
2024,HOF,7,1
2024,WOB,8,1
2024,M'G,9,1
2024,RBL,10,1
2024,STU,11,1
2024,HOLK,12,1
2024,STP,13,1
2024,HEI,14,1
2024,DOR,15,1
2024,WERB,16,1
2024,BAY,17,1
2024,EINF,18,1
2004,DOR,1,2
2004,WERB,2,2
2004,LEVK,3,2
2004,MAI,4,2
2004,FRE,5,2
2004,HERT,6,2
2004,SCH,7,2
2004,BIE,8,2
2004,KAI,9,2
2004,BAY,10,2
2004,HAM,11,2
2004,BOC,12,2
2004,NUR,13,2
2004,HAN,14,2
2004,M'G,15,2
2004,WOB,16,2
2004,STU,17,2
2004,HANR,18,2
2005,MAI,1,2
2005,BIE,2,2
2005,BAY,3,2
2005,SCH,4,2
2005,STU,5,2
2005,EINF,6,2
2005,M'G,7,2
2005,HERT,8,2
2005,WERB,9,2
2005,NUR,10,2
2005,DOR,11,2
2005,WOB,12,2
2005,KAI,13,2
2005,HAN,14,2
2005,LEVK,15,2
2005,HAM,16,2
2005,DUI,17,2
2005,KOL,18,2
2006,MAI,1,2
2006,LEVK,2,2
2006,HAM,3,2
2006,NUR,4,2
2006,BOC,5,2
2006,BIE,6,2
2006,EINF,7,2
2006,HAN,8,2
2006,AAC,9,2
2006,HERT,10,2
2006,COT,11,2
2006,DOR,12,2
2006,BAY,13,2
2006,SCH,14,2
2006,WOB,15,2
2006,WERB,16,2
2006,STU,17,2
2006,M'G,18,2
2007,HAM,1,2
2007,STU,2,2
2007,HANR,3,2
2007,EINF,4,2
2007,BIE,5,2
2007,LEVK,6,2
2007,COT,7,2
2007,WERB,8,2
2007,KAR,9,2
2007,SCH,10,2
2007,HAN,11,2
2007,DUI,12,2
2007,NUR,13,2
2007,HERT,14,2
2007,WOB,15,2
2007,DOR,16,2
2007,BAY,17,2
2007,BOC,18,2
2008,HERT,1,2
2008,BOC,2,2
2008,COT,3,2
2008,SCH,4,2
2008,KAR,5,2
2008,KOL,6,2
2008,LEVK,7,2
2008,HAN,8,2
2008,HOF,9,2
2008,WERB,10,2
2008,WOB,11,2
2008,DOR,12,2
2008,HAM,13,2
2008,M'G,14,2
2008,BIE,15,2
2008,EINF,16,2
2008,STU,17,2
2008,BAY,18,2
2009,FRE,1,2
2009,M'G,2,2
2009,WERB,3,2
2009,BOC,4,2
2009,EINF,5,2
2009,HAM,6,2
2009,SCH,7,2
2009,KOL,8,2
2009,STU,9,2
2009,HAN,10,2
2009,HERT,11,2
2009,WOB,12,2
2009,HOF,13,2
2009,DOR,14,2
2009,BAY,15,2
2009,MAI,16,2
2009,LEVK,17,2
2009,NUR,18,2
2010,STP,1,2
2010,KOL,2,2
2010,LEVK,3,2
2010,STU,4,2
2010,DOR,5,2
2010,HOF,6,2
2010,WOB,7,2
2010,EINF,8,2
2010,KAI,9,2
2010,MAI,10,2
2010,BAY,11,2
2010,HAN,12,2
2010,WERB,13,2
2010,M'G,14,2
2010,FRE,15,2
2010,SCH,16,2
2010,NUR,17,2
2010,HAM,18,2
2011,BAY,1,2
2011,AUG,2,2
2011,MAI,3,2
2011,HAN,4,2
2011,KOL,5,2
2011,HOF,6,2
2011,WERB,7,2
2011,DOR,8,2
2011,STU,9,2
2011,HAM,10,2
2011,WOB,11,2
2011,HERT,12,2
2011,SCH,13,2
2011,KAI,14,2
2011,NUR,15,2
2011,M'G,16,2
2011,FRE,17,2
2011,LEVK,18,2
2012,FRE,1,2
2012,LEVK,2,2
2012,HOF,3,2
2012,WOB,4,2
2012,STU,5,2
2012,MAI,6,2
2012,BAY,7,2
2012,NUR,8,2
2012,GREF,9,2
2012,M'G,10,2
2012,AUG,11,2
2012,SCH,12,2
2012,EINF,13,2
2012,HAN,14,2
2012,HAM,15,2
2012,WERB,16,2
2012,FORD,17,2
2012,DOR,18,2
2013,NUR,1,2
2013,FRE,2,2
2013,HOF,3,2
2013,AUG,4,2
2013,HAM,5,2
2013,SCH,6,2
2013,EINF,7,2
2013,WERB,8,2
2013,MAI,9,2
2013,WOB,10,2
2013,HAN,11,2
2013,BAY,12,2
2013,M'G,13,2
2013,BRA,14,2
2013,LEVK,15,2
2013,DOR,16,2
2013,HERT,17,2
2013,STU,18,2
2014,MAI,1,2
2014,STU,2,2
2014,KOL,3,2
2014,HERT,4,2
2014,PAD,5,2
2014,SCH,6,2
2014,DOR,7,2
2014,FRE,8,2
2014,WOB,9,2
2014,HOF,10,2
2014,AUG,11,2
2014,BAY,12,2
2014,LEVK,13,2
2014,WERB,14,2
2014,HAN,15,2
2014,EINF,16,2
2014,M'G,17,2
2014,HAM,18,2
2015,DAR,1,2
2015,HOF,2,2
2015,HAN,3,2
2015,BAY,4,2
2015,MAI,5,2
2015,HAM,6,2
2015,HERT,7,2
2015,KOL,8,2
2015,STU,9,2
2015,SCH,10,2
2015,WERB,11,2
2015,LEVK,12,2
2015,M'G,13,2
2015,AUG,14,2
2015,EINF,15,2
2015,WOB,16,2
2015,ING,17,2
2015,DOR,18,2
2016,LEVK,1,2
2016,FRE,2,2
2016,HOF,3,2
2016,KOL,4,2
2016,EINF,5,2
2016,AUG,6,2
2016,RBL,7,2
2016,HAM,8,2
2016,DOR,9,2
2016,SCH,10,2
2016,BAY,11,2
2016,WERB,12,2
2016,WOB,13,2
2016,M'G,14,2
2016,MAI,15,2
2016,DAR,16,2
2016,ING,17,2
2016,HERT,18,2
2017,MAI,1,2
2017,BAY,2,2
2017,FRE,3,2
2017,AUG,4,2
2017,WOB,5,2
2017,EINF,6,2
2017,KOL,7,2
2017,HERT,8,2
2017,M'G,9,2
2017,HOF,10,2
2017,SCH,11,2
2017,HAN,12,2
2017,HAM,13,2
2017,STU,14,2
2017,LEVK,15,2
2017,WERB,16,2
2017,RBL,17,2
2017,DOR,18,2
2018,DOR,1,2
2018,M'G,2,2
2018,LEVK,3,2
2018,WOB,4,2
2018,AUG,5,2
2018,NUR,6,2
2018,EINF,7,2
2018,MAI,8,2
2018,STU,9,2
2018,HERT,10,2
2018,BAY,11,2
2018,HAN,12,2
2018,HOF,13,2
2018,FORD,14,2
2018,SCH,15,2
2018,RBL,16,2
2018,FRE,17,2
2018,WERB,18,2
2019,WOB,1,2
2019,HERT,2,2
2019,WERB,3,2
2019,LEVK,4,2
2019,FORD,5,2
2019,AUG,6,2
2019,UNI,7,2
2019,KOL,8,2
2019,SCH,9,2
2019,FRE,10,2
2019,BAY,11,2
2019,DOR,12,2
2019,HOF,13,2
2019,PAD,14,2
2019,M'G,15,2
2019,RBL,16,2
2019,EINF,17,2
2019,MAI,18,2
2020,BIE,1,2
2020,HERT,2,2
2020,LEVK,3,2
2020,EINF,4,2
2020,MAI,5,2
2020,WERB,6,2
2020,UNI,7,2
2020,M'G,8,2
2020,KOL,9,2
2020,FRE,10,2
2020,WOB,11,2
2020,BAY,12,2
2020,AUG,13,2
2020,DOR,14,2
2020,RBL,15,2
2020,SCH,16,2
2020,STU,17,2
2020,HOF,18,2
2021,EINF,1,2
2021,HERT,2,2
2021,FRE,3,2
2021,M'G,4,2
2021,MAI,5,2
2021,KOL,6,2
2021,LEVK,7,2
2021,AUG,8,2
2021,UNI,9,2
2021,DOR,10,2
2021,WOB,11,2
2021,BIE,12,2
2021,GREF,13,2
2021,BAY,14,2
2021,RBL,15,2
2021,STU,16,2
2021,HOF,17,2
2021,BOC,18,2
2022,UNI,1,2
2022,BOC,2,2
2022,STU,3,2
2022,EINF,4,2
2022,HERT,5,2
2022,FRE,6,2
2022,KOL,7,2
2022,AUG,8,2
2022,RBL,9,2
2022,WOB,10,2
2022,BAY,11,2
2022,DOR,12,2
2022,HOF,13,2
2022,MAI,14,2
2022,WERB,15,2
2022,LEVK,16,2
2022,SCH,17,2
2022,M'G,18,2
2023,DAR,1,2
2023,KOL,2,2
2023,HOF,3,2
2023,WOB,4,2
2023,WERB,5,2
2023,AUG,6,2
2023,STU,7,2
2023,DOR,8,2
2023,LEVK,9,2
2023,RBL,10,2
2023,M'G,11,2
2023,EINF,12,2
2023,FRE,13,2
2023,HEI,14,2
2023,UNI,15,2
2023,BAY,16,2
2023,BOC,17,2
2023,MAI,18,2
2024,BOC,1,2
2024,STU,2,2
2024,MAI,3,2
2024,STP,4,2
2024,RBL,5,2
2024,WOB,6,2
2024,LEVK,7,2
2024,EINF,8,2
2024,FRE,9,2
2024,WERB,10,2
2024,DOR,11,2
2024,AUG,12,2
2024,UNI,13,2
2024,HEI,14,2
2024,BAY,15,2
2024,M'G,16,2
2024,HOLK,17,2
2024,HOF,18,2
2004,FRE,1,3
2004,BAY,2,3
2004,BOC,3,3
2004,DOR,4,3
2004,WERB,5,3
2004,MAI,6,3
2004,BIE,7,3
2004,LEVK,8,3
2004,STU,9,3
2004,HERT,10,3
2004,KAI,11,3
2004,NUR,12,3
2004,M'G,13,3
2004,HAM,14,3
2004,SCH,15,3
2004,HAN,16,3
2004,WOB,17,3
2004,HANR,18,3
2005,NUR,1,3
2005,WERB,2,3
2005,EINF,3,3
2005,HAM,4,3
2005,BAY,5,3
2005,HERT,6,3
2005,MAI,7,3
2005,HAN,8,3
2005,LEVK,9,3
2005,DUI,10,3
2005,DOR,11,3
2005,STU,12,3
2005,WOB,13,3
2005,KOL,14,3
2005,M'G,15,3
2005,BIE,16,3
2005,KAI,17,3
2005,SCH,18,3
2006,SCH,1,3
2006,WOB,2,3
2006,BAY,3,3
2006,LEVK,4,3
2006,AAC,5,3
2006,COT,6,3
2006,WERB,7,3
2006,HAN,8,3
2006,HERT,9,3
2006,EINF,10,3
2006,DOR,11,3
2006,MAI,12,3
2006,NUR,13,3
2006,BIE,14,3
2006,BOC,15,3
2006,STU,16,3
2006,HAM,17,3
2006,M'G,18,3
2007,NUR,1,3
2007,STU,2,3
2007,HAN,3,3
2007,HERT,4,3
2007,BOC,5,3
2007,WERB,6,3
2007,COT,7,3
2007,DUI,8,3
2007,HAM,9,3
2007,DOR,10,3
2007,WOB,11,3
2007,HANR,12,3
2007,KAR,13,3
2007,SCH,14,3
2007,EINF,15,3
2007,BAY,16,3
2007,BIE,17,3
2007,LEVK,18,3
2008,WOB,1,3
2008,HOF,2,3
2008,COT,3,3
2008,BAY,4,3
2008,SCH,5,3
2008,DOR,6,3
2008,BOC,7,3
2008,WERB,8,3
2008,HERT,9,3
2008,HAN,10,3
2008,KOL,11,3
2008,EINF,12,3
2008,M'G,13,3
2008,KAR,14,3
2008,LEVK,15,3
2008,STU,16,3
2008,HAM,17,3
2008,BIE,18,3
2009,WOB,1,3
2009,LEVK,2,3
2009,STU,3,3
2009,FRE,4,3
2009,HOF,5,3
2009,HAM,6,3
2009,KOL,7,3
2009,HAN,8,3
2009,WERB,9,3
2009,EINF,10,3
2009,BOC,11,3
2009,BAY,12,3
2009,HERT,13,3
2009,SCH,14,3
2009,MAI,15,3
2009,M'G,16,3
2009,DOR,17,3
2009,NUR,18,3
2010,MAI,1,3
2010,STP,2,3
2010,STU,3,3
2010,SCH,4,3
2010,DOR,5,3
2010,HOF,6,3
2010,KAI,7,3
2010,M'G,8,3
2010,FRE,9,3
2010,WOB,10,3
2010,KOL,11,3
2010,EINF,12,3
2010,HAM,13,3
2010,HAN,14,3
2010,NUR,15,3
2010,LEVK,16,3
2010,BAY,17,3
2010,WERB,18,3
2011,WERB,1,3
2011,KAI,2,3
2011,STU,3,3
2011,KOL,4,3
2011,HERT,5,3
2011,FRE,6,3
2011,AUG,7,3
2011,BAY,8,3
2011,HOF,9,3
2011,NUR,10,3
2011,SCH,11,3
2011,LEVK,12,3
2011,WOB,13,3
2011,M'G,14,3
2011,DOR,15,3
2011,HAM,16,3
2011,MAI,17,3
2011,HAN,18,3
2012,WOB,1,3
2012,DOR,2,3
2012,FORD,3,3
2012,M'G,4,3
2012,HOF,5,3
2012,FRE,6,3
2012,MAI,7,3
2012,HAN,8,3
2012,LEVK,9,3
2012,AUG,10,3
2012,STU,11,3
2012,GREF,12,3
2012,SCH,13,3
2012,WERB,14,3
2012,HAM,15,3
2012,BAY,16,3
2012,EINF,17,3
2012,NUR,18,3
2013,HAM,1,3
2013,WERB,2,3
2013,AUG,3,3
2013,M'G,4,3
2013,BAY,5,3
2013,LEVK,6,3
2013,STU,7,3
2013,BRA,8,3
2013,NUR,9,3
2013,MAI,10,3
2013,SCH,11,3
2013,EINF,12,3
2013,WOB,13,3
2013,FRE,14,3
2013,HOF,15,3
2013,DOR,16,3
2013,HERT,17,3
2013,HAN,18,3
2014,PAD,1,3
2014,M'G,2,3
2014,WOB,3,3
2014,AUG,4,3
2014,EINF,5,3
2014,HERT,6,3
2014,HAN,7,3
2014,MAI,8,3
2014,KOL,9,3
2014,LEVK,10,3
2014,BAY,11,3
2014,FRE,12,3
2014,HOF,13,3
2014,WERB,14,3
2014,DOR,15,3
2014,SCH,16,3
2014,STU,17,3
2014,HAM,18,3
2015,ING,1,3
2015,HERT,2,3
2015,DOR,3,3
2015,DAR,4,3
2015,HOF,5,3
2015,MAI,6,3
2015,WOB,7,3
2015,HAN,8,3
2015,STU,9,3
2015,HAM,10,3
2015,KOL,11,3
2015,EINF,12,3
2015,SCH,13,3
2015,LEVK,14,3
2015,AUG,15,3
2015,M'G,16,3
2015,WERB,17,3
2015,BAY,18,3
2016,KOL,1,3
2016,LEVK,2,3
2016,ING,3,3
2016,MAI,4,3
2016,DOR,5,3
2016,EINF,6,3
2016,RBL,7,3
2016,BAY,8,3
2016,HAM,9,3
2016,DAR,10,3
2016,FRE,11,3
2016,AUG,12,3
2016,WOB,13,3
2016,WERB,14,3
2016,HOF,15,3
2016,HERT,16,3
2016,M'G,17,3
2016,SCH,18,3
2017,HAM,1,3
2017,MAI,2,3
2017,HOF,3,3
2017,HERT,4,3
2017,KOL,5,3
2017,WOB,6,3
2017,BAY,7,3
2017,EINF,8,3
2017,STU,9,3
2017,LEVK,10,3
2017,HAN,11,3
2017,FRE,12,3
2017,RBL,13,3
2017,DOR,14,3
2017,WERB,15,3
2017,M'G,16,3
2017,AUG,17,3
2017,SCH,18,3
2018,HOF,1,3
2018,MAI,2,3
2018,FORD,3,3
2018,EINF,4,3
2018,AUG,5,3
2018,DOR,6,3
2018,WERB,7,3
2018,STU,8,3
2018,FRE,9,3
2018,BAY,10,3
2018,HAN,11,3
2018,SCH,12,3
2018,HERT,13,3
2018,NUR,14,3
2018,M'G,15,3
2018,RBL,16,3
2018,WOB,17,3
2018,LEVK,18,3
2019,BAY,1,3
2019,SCH,2,3
2019,WERB,3,3
2019,WOB,4,3
2019,DOR,5,3
2019,LEVK,6,3
2019,FORD,7,3
2019,HOF,8,3
2019,KOL,9,3
2019,M'G,10,3
2019,AUG,11,3
2019,PAD,12,3
2019,EINF,13,3
2019,MAI,14,3
2019,HERT,15,3
2019,RBL,16,3
2019,FRE,17,3
2019,UNI,18,3
2020,WERB,1,3
2020,WOB,2,3
2020,EINF,3,3
2020,M'G,4,3
2020,MAI,5,3
2020,STU,6,3
2020,KOL,7,3
2020,FRE,8,3
2020,LEVK,9,3
2020,HOF,10,3
2020,AUG,11,3
2020,HERT,12,3
2020,DOR,13,3
2020,RBL,14,3
2020,BIE,15,3
2020,BAY,16,3
2020,SCH,17,3
2020,UNI,18,3
2021,FRE,1,3
2021,AUG,2,3
2021,BAY,3,3
2021,MAI,4,3
2021,RBL,5,3
2021,BIE,6,3
2021,DOR,7,3
2021,LEVK,8,3
2021,BOC,9,3
2021,EINF,10,3
2021,WOB,11,3
2021,KOL,12,3
2021,HOF,13,3
2021,STU,14,3
2021,UNI,15,3
2021,M'G,16,3
2021,GREF,17,3
2021,HERT,18,3
2022,BOC,1,3
2022,KOL,2,3
2022,WERB,3,3
2022,FRE,4,3
2022,AUG,5,3
2022,LEVK,6,3
2022,HOF,7,3
2022,SCH,8,3
2022,MAI,9,3
2022,HERT,10,3
2022,UNI,11,3
2022,M'G,12,3
2022,WOB,13,3
2022,DOR,14,3
2022,BAY,15,3
2022,EINF,16,3
2022,RBL,17,3
2022,STU,18,3
2023,EINF,1,3
2023,AUG,2,3
2023,WOB,3,3
2023,WERB,4,3
2023,BOC,5,3
2023,BAY,6,3
2023,HEI,7,3
2023,DOR,8,3
2023,DAR,9,3
2023,UNI,10,3
2023,RBL,11,3
2023,HOF,12,3
2023,STU,13,3
2023,FRE,14,3
2023,M'G,15,3
2023,MAI,16,3
2023,KOL,17,3
2023,LEVK,18,3
2024,STU,1,3
2024,WERB,2,3
2024,HEI,3,3
2024,MAI,4,3
2024,HOLK,5,3
2024,UNI,6,3
2024,LEVK,7,3
2024,STP,8,3
2024,DOR,9,3
2024,RBL,10,3
2024,HOF,11,3
2024,M'G,12,3
2024,EINF,13,3
2024,BOC,14,3
2024,AUG,15,3
2024,WOB,16,3
2024,FRE,17,3
2024,BAY,18,3
2004,HAN,1,4
2004,BOC,2,4
2004,NUR,3,4
2004,MAI,4,4
2004,DOR,5,4
2004,HERT,6,4
2004,HAM,7,4
2004,LEVK,8,4
2004,KAI,9,4
2004,FRE,10,4
2004,STU,11,4
2004,BAY,12,4
2004,M'G,13,4
2004,BIE,14,4
2004,WERB,15,4
2004,HANR,16,4
2004,WOB,17,4
2004,SCH,18,4
2005,BAY,1,4
2005,KAI,2,4
2005,HAM,3,4
2005,NUR,4,4
2005,DOR,5,4
2005,DUI,6,4
2005,HERT,7,4
2005,LEVK,8,4
2005,EINF,9,4
2005,KOL,10,4
2005,WOB,11,4
2005,BIE,12,4
2005,SCH,13,4
2005,M'G,14,4
2005,MAI,15,4
2005,STU,16,4
2005,HAN,17,4
2005,WERB,18,4
2006,COT,1,4
2006,LEVK,2,4
2006,STU,3,4
2006,AAC,4,4
2006,BOC,5,4
2006,HAM,6,4
2006,EINF,7,4
2006,BAY,8,4
2006,SCH,9,4
2006,M'G,10,4
2006,MAI,11,4
2006,HERT,12,4
2006,NUR,13,4
2006,HAN,14,4
2006,WOB,15,4
2006,DOR,16,4
2006,WERB,17,4
2006,BIE,18,4
2007,LEVK,1,4
2007,STU,2,4
2007,HAM,3,4
2007,WERB,4,4
2007,COT,5,4
2007,EINF,6,4
2007,DUI,7,4
2007,SCH,8,4
2007,BOC,9,4
2007,BIE,10,4
2007,DOR,11,4
2007,KAR,12,4
2007,HAN,13,4
2007,HANR,14,4
2007,WOB,15,4
2007,HERT,16,4
2007,NUR,17,4
2007,BAY,18,4
2008,HERT,1,4
2008,KOL,2,4
2008,EINF,3,4
2008,BOC,4,4
2008,LEVK,5,4
2008,DOR,6,4
2008,SCH,7,4
2008,HAN,8,4
2008,KAR,9,4
2008,WOB,10,4
2008,COT,11,4
2008,WERB,12,4
2008,BAY,13,4
2008,HOF,14,4
2008,BIE,15,4
2008,STU,16,4
2008,M'G,17,4
2008,HAM,18,4
2009,NUR,1,4
2009,LEVK,2,4
2009,SCH,3,4
2009,KOL,4,4
2009,FRE,5,4
2009,HOF,6,4
2009,WERB,7,4
2009,HAM,8,4
2009,HAN,9,4
2009,MAI,10,4
2009,M'G,11,4
2009,EINF,12,4
2009,BAY,13,4
2009,BOC,14,4
2009,WOB,15,4
2009,STU,16,4
2009,DOR,17,4
2009,HERT,18,4
2010,HOF,1,4
2010,KOL,2,4
2010,HAM,3,4
2010,STP,4,4
2010,M'G,5,4
2010,FRE,6,4
2010,EINF,7,4
2010,STU,8,4
2010,WERB,9,4
2010,BAY,10,4
2010,LEVK,11,4
2010,SCH,12,4
2010,DOR,13,4
2010,HAN,14,4
2010,MAI,15,4
2010,NUR,16,4
2010,KAI,17,4
2010,WOB,18,4
2011,BAY,1,4
2011,WERB,2,4
2011,HOF,3,4
2011,HAN,4,4
2011,MAI,5,4
2011,DOR,6,4
2011,SCH,7,4
2011,KOL,8,4
2011,HERT,9,4
2011,HAM,10,4
2011,NUR,11,4
2011,KAI,12,4
2011,LEVK,13,4
2011,AUG,14,4
2011,WOB,15,4
2011,M'G,16,4
2011,FRE,17,4
2011,STU,18,4
2012,AUG,1,4
2012,GREF,2,4
2012,SCH,3,4
2012,NUR,4,4
2012,STU,5,4
2012,EINF,6,4
2012,HAN,7,4
2012,WERB,8,4
2012,HOF,9,4
2012,WOB,10,4
2012,M'G,11,4
2012,DOR,12,4
2012,LEVK,13,4
2012,MAI,14,4
2012,HAM,15,4
2012,BAY,16,4
2012,FRE,17,4
2012,FORD,18,4
2013,HAM,1,4
2013,NUR,2,4
2013,FRE,3,4
2013,MAI,4,4
2013,AUG,5,4
2013,STU,6,4
2013,WERB,7,4
2013,SCH,8,4
2013,WOB,9,4
2013,HAN,10,4
2013,BAY,11,4
2013,M'G,12,4
2013,EINF,13,4
2013,DOR,14,4
2013,LEVK,15,4
2013,HOF,16,4
2013,BRA,17,4
2013,HERT,18,4
2014,MAI,1,4
2014,PAD,2,4
2014,M'G,3,4
2014,FRE,4,4
2014,WOB,5,4
2014,HAN,6,4
2014,HERT,7,4
2014,WERB,8,4
2014,HOF,9,4
2014,KOL,10,4
2014,LEVK,11,4
2014,DOR,12,4
2014,STU,13,4
2014,BAY,14,4
2014,AUG,15,4
2014,EINF,16,4
2014,HAM,17,4
2014,SCH,18,4
2015,HAN,1,4
2015,WERB,2,4
2015,AUG,3,4
2015,DAR,4,4
2015,BAY,5,4
2015,STU,6,4
2015,HERT,7,4
2015,HAM,8,4
2015,EINF,9,4
2015,LEVK,10,4
2015,MAI,11,4
2015,WOB,12,4
2015,DOR,13,4
2015,ING,14,4
2015,HOF,15,4
2015,M'G,16,4
2015,SCH,17,4
2015,KOL,18,4
2016,HAM,1,4
2016,EINF,2,4
2016,AUG,3,4
2016,DAR,4,4
2016,SCH,5,4
2016,WOB,6,4
2016,FRE,7,4
2016,BAY,8,4
2016,HERT,9,4
2016,M'G,10,4
2016,HOF,11,4
2016,WERB,12,4
2016,DOR,13,4
2016,ING,14,4
2016,KOL,15,4
2016,RBL,16,4
2016,MAI,17,4
2016,LEVK,18,4
2017,DOR,1,4
2017,HAM,2,4
2017,BAY,3,4
2017,LEVK,4,4
2017,HOF,5,4
2017,STU,6,4
2017,MAI,7,4
2017,EINF,8,4
2017,M'G,9,4
2017,WOB,10,4
2017,KOL,11,4
2017,AUG,12,4
2017,SCH,13,4
2017,HERT,14,4
2017,WERB,15,4
2017,FRE,16,4
2017,HAN,17,4
2017,RBL,18,4
2018,BAY,1,4
2018,LEVK,2,4
2018,AUG,3,4
2018,WOB,4,4
2018,M'G,5,4
2018,FORD,6,4
2018,WERB,7,4
2018,STU,8,4
2018,HOF,9,4
2018,DOR,10,4
2018,HAN,11,4
2018,NUR,12,4
2018,EINF,13,4
2018,FRE,14,4
2018,SCH,15,4
2018,MAI,16,4
2018,HERT,17,4
2018,RBL,18,4
2019,AUG,1,4
2019,DOR,2,4
2019,M'G,3,4
2019,WOB,4,4
2019,UNI,5,4
2019,PAD,6,4
2019,LEVK,7,4
2019,SCH,8,4
2019,HOF,9,4
2019,EINF,10,4
2019,HERT,11,4
2019,MAI,12,4
2019,KOL,13,4
2019,BAY,14,4
2019,FORD,15,4
2019,RBL,16,4
2019,FRE,17,4
2019,WERB,18,4
2020,UNI,1,4
2020,FRE,2,4
2020,HOF,3,4
2020,SCH,4,4
2020,HERT,5,4
2020,WOB,6,4
2020,MAI,7,4
2020,BIE,8,4
2020,STU,9,4
2020,RBL,10,4
2020,AUG,11,4
2020,WERB,12,4
2020,LEVK,13,4
2020,EINF,14,4
2020,M'G,15,4
2020,DOR,16,4
2020,BAY,17,4
2020,KOL,18,4
2021,M'G,1,4
2021,HERT,2,4
2021,BAY,3,4
2021,FRE,4,4
2021,DOR,5,4
2021,AUG,6,4
2021,STU,7,4
2021,LEVK,8,4
2021,BOC,9,4
2021,MAI,10,4
2021,UNI,11,4
2021,HOF,12,4
2021,BIE,13,4
2021,WOB,14,4
2021,RBL,15,4
2021,EINF,16,4
2021,KOL,17,4
2021,GREF,18,4
2022,SCH,1,4
2022,MAI,2,4
2022,WERB,3,4
2022,LEVK,4,4
2022,FRE,5,4
2022,AUG,6,4
2022,WOB,7,4
2022,RBL,8,4
2022,UNI,9,4
2022,DOR,10,4
2022,BOC,11,4
2022,HOF,12,4
2022,STU,13,4
2022,KOL,14,4
2022,EINF,15,4
2022,HERT,16,4
2022,BAY,17,4
2022,M'G,18,4
2023,WERB,1,4
2023,WOB,2,4
2023,DAR,3,4
2023,KOL,4,4
2023,HOF,5,4
2023,FRE,6,4
2023,LEVK,7,4
2023,STU,8,4
2023,AUG,9,4
2023,RBL,10,4
2023,EINF,11,4
2023,BOC,12,4
2023,M'G,13,4
2023,MAI,14,4
2023,HEI,15,4
2023,DOR,16,4
2023,UNI,17,4
2023,BAY,18,4
2024,BOC,1,4
2024,FRE,2,4
2024,HOF,3,4
2024,EINF,4,4
2024,WERB,5,4
2024,M'G,6,4
2024,HEI,7,4
2024,AUG,8,4
2024,WOB,9,4
2024,HOLK,10,4
2024,DOR,11,4
2024,STU,12,4
2024,MAI,13,4
2024,BAY,14,4
2024,UNI,15,4
2024,LEVK,16,4
2024,RBL,17,4
2024,STP,18,4
2004,SCH,1,5
2004,MAI,2,5
2004,WERB,3,5
2004,HAN,4,5
2004,HAM,5,5
2004,BIE,6,5
2004,LEVK,7,5
2004,M'G,8,5
2004,NUR,9,5
2004,BOC,10,5
2004,STU,11,5
2004,KAI,12,5
2004,DOR,13,5
2004,HERT,14,5
2004,HANR,15,5
2004,FRE,16,5
2004,BAY,17,5
2004,WOB,18,5
2005,KAI,1,5
2005,BIE,2,5
2005,M'G,3,5
2005,NUR,4,5
2005,WOB,5,5
2005,EINF,6,5
2005,KOL,7,5
2005,DOR,8,5
2005,MAI,9,5
2005,BAY,10,5
2005,SCH,11,5
2005,WERB,12,5
2005,STU,13,5
2005,DUI,14,5
2005,HAN,15,5
2005,HERT,16,5
2005,LEVK,17,5
2005,HAM,18,5
2006,WERB,1,5
2006,SCH,2,5
2006,AAC,3,5
2006,HERT,4,5
2006,EINF,5,5
2006,WOB,6,5
2006,BAY,7,5
2006,M'G,8,5
2006,HAM,9,5
2006,BOC,10,5
2006,NUR,11,5
2006,HAN,12,5
2006,STU,13,5
2006,LEVK,14,5
2006,COT,15,5
2006,MAI,16,5
2006,DOR,17,5
2006,BIE,18,5
2007,WERB,1,5
2007,NUR,2,5
2007,HAN,3,5
2007,EINF,4,5
2007,SCH,5,5
2007,COT,6,5
2007,BAY,7,5
2007,LEVK,8,5
2007,HERT,9,5
2007,DOR,10,5
2007,DUI,11,5
2007,WOB,12,5
2007,STU,13,5
2007,HANR,14,5
2007,BOC,15,5
2007,BIE,16,5
2007,KAR,17,5
2007,HAM,18,5
2008,BAY,1,5
2008,BIE,2,5
2008,KOL,3,5
2008,BOC,4,5
2008,WOB,5,5
2008,WERB,6,5
2008,DOR,7,5
2008,STU,8,5
2008,EINF,9,5
2008,HERT,10,5
2008,KAR,11,5
2008,HOF,12,5
2008,COT,13,5
2008,SCH,14,5
2008,LEVK,15,5
2008,HAN,16,5
2008,HAM,17,5
2008,M'G,18,5
2009,STU,1,5
2009,FRE,2,5
2009,WERB,3,5
2009,HERT,4,5
2009,BOC,5,5
2009,BAY,6,5
2009,DOR,7,5
2009,MAI,8,5
2009,LEVK,9,5
2009,EINF,10,5
2009,HAM,11,5
2009,M'G,12,5
2009,WOB,13,5
2009,HOF,14,5
2009,SCH,15,5
2009,NUR,16,5
2009,KOL,17,5
2009,HAN,18,5
2010,EINF,1,5
2010,SCH,2,5
2010,STU,3,5
2010,DOR,4,5
2010,WERB,5,5
2010,FRE,6,5
2010,HAN,7,5
2010,KAI,8,5
2010,WOB,9,5
2010,KOL,10,5
2010,HAM,11,5
2010,BAY,12,5
2010,STP,13,5
2010,NUR,14,5
2010,LEVK,15,5
2010,M'G,16,5
2010,MAI,17,5
2010,HOF,18,5
2011,HAM,1,5
2011,HOF,2,5
2011,LEVK,3,5
2011,WERB,4,5
2011,SCH,5,5
2011,KAI,6,5
2011,M'G,7,5
2011,WOB,8,5
2011,MAI,9,5
2011,KOL,10,5
2011,NUR,11,5
2011,DOR,12,5
2011,AUG,13,5
2011,STU,14,5
2011,HAN,15,5
2011,FRE,16,5
2011,BAY,17,5
2011,HERT,18,5
2012,MAI,1,5
2012,LEVK,2,5
2012,NUR,3,5
2012,EINF,4,5
2012,HAM,5,5
2012,SCH,6,5
2012,WOB,7,5
2012,WERB,8,5
2012,DOR,9,5
2012,M'G,10,5
2012,GREF,11,5
2012,HOF,12,5
2012,FRE,13,5
2012,FORD,14,5
2012,STU,15,5
2012,BAY,16,5
2012,AUG,17,5
2012,HAN,18,5
2013,NUR,1,5
2013,BRA,2,5
2013,HERT,3,5
2013,WERB,4,5
2013,STU,5,5
2013,LEVK,6,5
2013,HAM,7,5
2013,HOF,8,5
2013,MAI,9,5
2013,FRE,10,5
2013,WOB,11,5
2013,DOR,12,5
2013,HAN,13,5
2013,AUG,14,5
2013,EINF,15,5
2013,SCH,16,5
2013,BAY,17,5
2013,M'G,18,5
2014,BAY,1,5
2014,DOR,2,5
2014,SCH,3,5
2014,WOB,4,5
2014,FRE,5,5
2014,HOF,6,5
2014,PAD,7,5
2014,WERB,8,5
2014,HERT,9,5
2014,KOL,10,5
2014,STU,11,5
2014,HAN,12,5
2014,HAM,13,5
2014,MAI,14,5
2014,EINF,15,5
2014,LEVK,16,5
2014,AUG,17,5
2014,M'G,18,5
2015,HOF,1,5
2015,EINF,2,5
2015,KOL,3,5
2015,ING,4,5
2015,DOR,5,5
2015,MAI,6,5
2015,SCH,7,5
2015,BAY,8,5
2015,HAN,9,5
2015,DAR,10,5
2015,LEVK,11,5
2015,HERT,12,5
2015,WERB,13,5
2015,HAM,14,5
2015,M'G,15,5
2015,STU,16,5
2015,AUG,17,5
2015,WOB,18,5
2016,MAI,1,5
2016,HERT,2,5
2016,WOB,3,5
2016,LEVK,4,5
2016,HOF,5,5
2016,SCH,6,5
2016,KOL,7,5
2016,ING,8,5
2016,DOR,9,5
2016,M'G,10,5
2016,HAM,11,5
2016,RBL,12,5
2016,EINF,13,5
2016,DAR,14,5
2016,AUG,15,5
2016,BAY,16,5
2016,WERB,17,5
2016,FRE,18,5
2017,M'G,1,5
2017,DOR,2,5
2017,BAY,3,5
2017,STU,4,5
2017,MAI,5,5
2017,LEVK,6,5
2017,SCH,7,5
2017,RBL,8,5
2017,FRE,9,5
2017,HAM,10,5
2017,HOF,11,5
2017,WOB,12,5
2017,HERT,13,5
2017,KOL,14,5
2017,EINF,15,5
2017,WERB,16,5
2017,AUG,17,5
2017,HAN,18,5
2018,LEVK,1,5
2018,FORD,2,5
2018,BAY,3,5
2018,M'G,4,5
2018,RBL,5,5
2018,NUR,6,5
2018,AUG,7,5
2018,STU,8,5
2018,FRE,9,5
2018,MAI,10,5
2018,WOB,11,5
2018,HAN,12,5
2018,DOR,13,5
2018,HERT,14,5
2018,SCH,15,5
2018,HOF,16,5
2018,WERB,17,5
2018,EINF,18,5
2019,MAI,1,5
2019,HERT,2,5
2019,UNI,3,5
2019,SCH,4,5
2019,WOB,5,5
2019,FORD,6,5
2019,LEVK,7,5
2019,PAD,8,5
2019,RBL,9,5
2019,WERB,10,5
2019,EINF,11,5
2019,DOR,12,5
2019,BAY,13,5
2019,AUG,14,5
2019,KOL,15,5
2019,HOF,16,5
2019,FRE,17,5
2019,M'G,18,5
2020,EINF,1,5
2020,KOL,2,5
2020,M'G,3,5
2020,BAY,4,5
2020,DOR,5,5
2020,HOF,6,5
2020,STU,7,5
2020,LEVK,8,5
2020,RBL,9,5
2020,BIE,10,5
2020,HERT,11,5
2020,AUG,12,5
2020,UNI,13,5
2020,MAI,14,5
2020,WOB,15,5
2020,SCH,16,5
2020,WERB,17,5
2020,FRE,18,5
2021,BIE,1,5
2021,GREF,2,5
2021,STU,3,5
2021,KOL,4,5
2021,BOC,5,5
2021,AUG,6,5
2021,WOB,7,5
2021,BAY,8,5
2021,DOR,9,5
2021,UNI,10,5
2021,RBL,11,5
2021,HOF,12,5
2021,MAI,13,5
2021,M'G,14,5
2021,HERT,15,5
2021,EINF,16,5
2021,LEVK,17,5
2021,FRE,18,5
2022,WOB,1,5
2022,KOL,2,5
2022,AUG,3,5
2022,WERB,4,5
2022,M'G,5,5
2022,STU,6,5
2022,RBL,7,5
2022,EINF,8,5
2022,SCH,9,5
2022,HOF,10,5
2022,UNI,11,5
2022,BOC,12,5
2022,BAY,13,5
2022,HERT,14,5
2022,FRE,15,5
2022,LEVK,16,5
2022,MAI,17,5
2022,DOR,18,5
2023,M'G,1,5
2023,EINF,2,5
2023,MAI,3,5
2023,WOB,4,5
2023,RBL,5,5
2023,BAY,6,5
2023,STU,7,5
2023,WERB,8,5
2023,UNI,9,5
2023,DOR,10,5
2023,LEVK,11,5
2023,KOL,12,5
2023,FRE,13,5
2023,HOF,14,5
2023,AUG,15,5
2023,HEI,16,5
2023,DAR,17,5
2023,BOC,18,5
2024,BOC,1,5
2024,AUG,2,5
2024,DOR,3,5
2024,HEI,4,5
2024,RBL,5,5
2024,HOLK,6,5
2024,UNI,7,5
2024,STU,8,5
2024,BAY,9,5
2024,STP,10,5
2024,M'G,11,5
2024,LEVK,12,5
2024,WERB,13,5
2024,FRE,14,5
2024,HOF,15,5
2024,WOB,16,5
2024,MAI,17,5
2024,EINF,18,5
2004,HERT,1,6
2004,DOR,2,6
2004,KAI,3,6
2004,BAY,4,6
2004,BIE,5,6
2004,SCH,6,6
2004,NUR,7,6
2004,WERB,8,6
2004,MAI,9,6
2004,STU,10,6
2004,M'G,11,6
2004,HAN,12,6
2004,BOC,13,6
2004,WOB,14,6
2004,LEVK,15,6
2004,HAM,16,6
2004,HANR,17,6
2004,FRE,18,6
2005,LEVK,1,6
2005,WERB,2,6
2005,EINF,3,6
2005,NUR,4,6
2005,HAN,5,6
2005,KAI,6,6
2005,BAY,7,6
2005,STU,8,6
2005,WOB,9,6
2005,DOR,10,6
2005,KOL,11,6
2005,BIE,12,6
2005,HERT,13,6
2005,SCH,14,6
2005,DUI,15,6
2005,MAI,16,6
2005,M'G,17,6
2005,HAM,18,6
2006,WERB,1,6
2006,HAN,2,6
2006,HAM,3,6
2006,BAY,4,6
2006,COT,5,6
2006,NUR,6,6
2006,AAC,7,6
2006,DOR,8,6
2006,BOC,9,6
2006,SCH,10,6
2006,HERT,11,6
2006,BIE,12,6
2006,M'G,13,6
2006,WOB,14,6
2006,STU,15,6
2006,LEVK,16,6
2006,MAI,17,6
2006,EINF,18,6
2007,LEVK,1,6
2007,BOC,2,6
2007,EINF,3,6
2007,WOB,4,6
2007,NUR,5,6
2007,DOR,6,6
2007,BAY,7,6
2007,BIE,8,6
2007,KAR,9,6
2007,HERT,10,6
2007,COT,11,6
2007,HANR,12,6
2007,STU,13,6
2007,WERB,14,6
2007,SCH,15,6
2007,HAM,16,6
2007,DUI,17,6
2007,HAN,18,6
2008,KAR,1,6
2008,BAY,2,6
2008,DOR,3,6
2008,WOB,4,6
2008,HOF,5,6
2008,BIE,6,6
2008,COT,7,6
2008,KOL,8,6
2008,HAM,9,6
2008,HAN,10,6
2008,EINF,11,6
2008,BOC,12,6
2008,WERB,13,6
2008,SCH,14,6
2008,HERT,15,6
2008,STU,16,6
2008,LEVK,17,6
2008,M'G,18,6
2009,STU,1,6
2009,SCH,2,6
2009,FRE,3,6
2009,MAI,4,6
2009,BOC,5,6
2009,HAM,6,6
2009,HAN,7,6
2009,DOR,8,6
2009,WOB,9,6
2009,LEVK,10,6
2009,KOL,11,6
2009,M'G,12,6
2009,EINF,13,6
2009,NUR,14,6
2009,WERB,15,6
2009,HOF,16,6
2009,HERT,17,6
2009,BAY,18,6
2010,KAI,1,6
2010,LEVK,2,6
2010,WOB,3,6
2010,DOR,4,6
2010,HAN,5,6
2010,M'G,6,6
2010,STU,7,6
2010,WERB,8,6
2010,SCH,9,6
2010,MAI,10,6
2010,BAY,11,6
2010,KOL,12,6
2010,FRE,13,6
2010,NUR,14,6
2010,HAM,15,6
2010,HOF,16,6
2010,STP,17,6
2010,EINF,18,6
2011,WERB,1,6
2011,HOF,2,6
2011,BAY,3,6
2011,AUG,4,6
2011,STU,5,6
2011,MAI,6,6
2011,HERT,7,6
2011,KAI,8,6
2011,HAN,9,6
2011,NUR,10,6
2011,SCH,11,6
2011,WOB,12,6
2011,DOR,13,6
2011,M'G,14,6
2011,LEVK,15,6
2011,HAM,16,6
2011,FRE,17,6
2011,KOL,18,6
2012,STU,1,6
2012,HOF,2,6
2012,EINF,3,6
2012,HAN,4,6
2012,NUR,5,6
2012,BAY,6,6
2012,GREF,7,6
2012,WOB,8,6
2012,MAI,9,6
2012,SCH,10,6
2012,FRE,11,6
2012,HAM,12,6
2012,AUG,13,6
2012,FORD,14,6
2012,M'G,15,6
2012,WERB,16,6
2012,DOR,17,6
2012,LEVK,18,6
2013,HERT,1,6
2013,WOB,2,6
2013,BAY,3,6
2013,M'G,4,6
2013,AUG,5,6
2013,WERB,6,6
2013,HAN,7,6
2013,DOR,8,6
2013,LEVK,9,6
2013,HAM,10,6
2013,BRA,11,6
2013,SCH,12,6
2013,NUR,13,6
2013,STU,14,6
2013,EINF,15,6
2013,HOF,16,6
2013,MAI,17,6
2013,FRE,18,6
2014,WOB,1,6
2014,HERT,2,6
2014,STU,3,6
2014,M'G,4,6
2014,FRE,5,6
2014,EINF,6,6
2014,PAD,7,6
2014,HAN,8,6
2014,KOL,9,6
2014,HOF,10,6
2014,DOR,11,6
2014,AUG,12,6
2014,SCH,13,6
2014,MAI,14,6
2014,BAY,15,6
2014,WERB,16,6
2014,HAM,17,6
2014,LEVK,18,6
2015,LEVK,1,6
2015,WOB,2,6
2015,MAI,3,6
2015,HOF,4,6
2015,EINF,5,6
2015,KOL,6,6
2015,M'G,7,6
2015,STU,8,6
2015,WERB,9,6
2015,AUG,10,6
2015,HAN,11,6
2015,BAY,12,6
2015,DOR,13,6
2015,DAR,14,6
2015,SCH,15,6
2015,HERT,16,6
2015,ING,17,6
2015,HAM,18,6
2016,ING,1,6
2016,WERB,2,6
2016,EINF,3,6
2016,BAY,4,6
2016,HAM,5,6
2016,LEVK,6,6
2016,DOR,7,6
2016,SCH,8,6
2016,FRE,9,6
2016,KOL,10,6
2016,DAR,11,6
2016,RBL,12,6
2016,HOF,13,6
2016,AUG,14,6
2016,WOB,15,6
2016,MAI,16,6
2016,HERT,17,6
2016,M'G,18,6
2017,HAM,1,6
2017,M'G,2,6
2017,MAI,3,6
2017,HOF,4,6
2017,FRE,5,6
2017,RBL,6,6
2017,KOL,7,6
2017,EINF,8,6
2017,HERT,9,6
2017,WERB,10,6
2017,SCH,11,6
2017,AUG,12,6
2017,BAY,13,6
2017,WOB,14,6
2017,HAN,15,6
2017,STU,16,6
2017,DOR,17,6
2017,LEVK,18,6
2018,FORD,1,6
2018,HERT,2,6
2018,BAY,3,6
2018,HOF,4,6
2018,FRE,5,6
2018,EINF,6,6
2018,WOB,7,6
2018,MAI,8,6
2018,M'G,9,6
2018,AUG,10,6
2018,LEVK,11,6
2018,RBL,12,6
2018,WERB,13,6
2018,SCH,14,6
2018,DOR,15,6
2018,HAN,16,6
2018,NUR,17,6
2018,STU,18,6
2019,FRE,1,6
2019,HOF,2,6
2019,KOL,3,6
2019,WERB,4,6
2019,UNI,5,6
2019,HERT,6,6
2019,LEVK,7,6
2019,DOR,8,6
2019,FORD,9,6
2019,PAD,10,6
2019,EINF,11,6
2019,SCH,12,6
2019,BAY,13,6
2019,MAI,14,6
2019,M'G,15,6
2019,WOB,16,6
2019,RBL,17,6
2019,AUG,18,6
2020,FRE,1,6
2020,WERB,2,6
2020,WOB,3,6
2020,STU,4,6
2020,BIE,5,6
2020,MAI,6,6
2020,BAY,7,6
2020,AUG,8,6
2020,RBL,9,6
2020,UNI,10,6
2020,M'G,11,6
2020,KOL,12,6
2020,EINF,13,6
2020,DOR,14,6
2020,HERT,15,6
2020,HOF,16,6
2020,LEVK,17,6
2020,SCH,18,6
2021,BIE,1,6
2021,GREF,2,6
2021,EINF,3,6
2021,HERT,4,6
2021,HOF,5,6
2021,BOC,6,6
2021,DOR,7,6
2021,MAI,8,6
2021,STU,9,6
2021,WOB,10,6
2021,FRE,11,6
2021,BAY,12,6
2021,UNI,13,6
2021,AUG,14,6
2021,LEVK,15,6
2021,RBL,16,6
2021,KOL,17,6
2021,M'G,18,6
2022,HERT,1,6
2022,BAY,2,6
2022,HOF,3,6
2022,FRE,4,6
2022,EINF,5,6
2022,AUG,6,6
2022,UNI,7,6
2022,KOL,8,6
2022,MAI,9,6
2022,STU,10,6
2022,RBL,11,6
2022,M'G,12,6
2022,LEVK,13,6
2022,BOC,14,6
2022,SCH,15,6
2022,DOR,16,6
2022,WERB,17,6
2022,WOB,18,6
2023,WERB,1,6
2023,HOF,2,6
2023,RBL,3,6
2023,STU,4,6
2023,EINF,5,6
2023,BAY,6,6
2023,DAR,7,6
2023,UNI,8,6
2023,M'G,9,6
2023,MAI,10,6
2023,BOC,11,6
2023,HEI,12,6
2023,KOL,13,6
2023,FRE,14,6
2023,LEVK,15,6
2023,AUG,16,6
2023,WOB,17,6
2023,DOR,18,6
2024,STP,1,6
2024,UNI,2,6
2024,HOLK,3,6
2024,EINF,4,6
2024,STU,5,6
2024,WOB,6,6
2024,BAY,7,6
2024,MAI,8,6
2024,FRE,9,6
2024,BOC,10,6
2024,RBL,11,6
2024,HEI,12,6
2024,HOF,13,6
2024,WERB,14,6
2024,AUG,15,6
2024,M'G,16,6
2024,DOR,17,6
2024,LEVK,18,6
2004,WERB,1,7
2004,SCH,2,7
2004,BOC,3,7
2004,MAI,4,7
2004,DOR,5,7
2004,FRE,6,7
2004,HANR,7,7
2004,KAI,8,7
2004,M'G,9,7
2004,LEVK,10,7
2004,NUR,11,7
2004,BAY,12,7
2004,HERT,13,7
2004,WOB,14,7
2004,STU,15,7
2004,HAM,16,7
2004,BIE,17,7
2004,HAN,18,7
2005,MAI,1,7
2005,DOR,2,7
2005,SCH,3,7
2005,STU,4,7
2005,HAM,5,7
2005,HERT,6,7
2005,KAI,7,7
2005,DUI,8,7
2005,LEVK,9,7
2005,HAN,10,7
2005,NUR,11,7
2005,KOL,12,7
2005,BAY,13,7
2005,WOB,14,7
2005,BIE,15,7
2005,EINF,16,7
2005,M'G,17,7
2005,WERB,18,7
2006,DOR,1,7
2006,BIE,2,7
2006,LEVK,3,7
2006,COT,4,7
2006,AAC,5,7
2006,NUR,6,7
2006,HERT,7,7
2006,EINF,8,7
2006,STU,9,7
2006,BOC,10,7
2006,MAI,11,7
2006,HAN,12,7
2006,SCH,13,7
2006,WOB,14,7
2006,WERB,15,7
2006,HAM,16,7
2006,M'G,17,7
2006,BAY,18,7
2007,SCH,1,7
2007,KAR,2,7
2007,WERB,3,7
2007,LEVK,4,7
2007,HERT,5,7
2007,BAY,6,7
2007,HANR,7,7
2007,COT,8,7
2007,DOR,9,7
2007,BOC,10,7
2007,DUI,11,7
2007,BIE,12,7
2007,HAM,13,7
2007,NUR,14,7
2007,STU,15,7
2007,EINF,16,7
2007,WOB,17,7
2007,HAN,18,7
2008,BOC,1,7
2008,BIE,2,7
2008,HAN,3,7
2008,KOL,4,7
2008,EINF,5,7
2008,HERT,6,7
2008,COT,7,7
2008,WOB,8,7
2008,LEVK,9,7
2008,WERB,10,7
2008,SCH,11,7
2008,STU,12,7
2008,HOF,13,7
2008,BAY,14,7
2008,DOR,15,7
2008,M'G,16,7
2008,KAR,17,7
2008,HAM,18,7
2009,FRE,1,7
2009,HAM,2,7
2009,HERT,3,7
2009,EINF,4,7
2009,SCH,5,7
2009,WOB,6,7
2009,MAI,7,7
2009,WERB,8,7
2009,M'G,9,7
2009,LEVK,10,7
2009,STU,11,7
2009,DOR,12,7
2009,NUR,13,7
2009,KOL,14,7
2009,HOF,15,7
2009,BAY,16,7
2009,BOC,17,7
2009,HAN,18,7
2010,HOF,1,7
2010,M'G,2,7
2010,LEVK,3,7
2010,WERB,4,7
2010,MAI,5,7
2010,STP,6,7
2010,HAM,7,7
2010,NUR,8,7
2010,SCH,9,7
2010,EINF,10,7
2010,WOB,11,7
2010,DOR,12,7
2010,HAN,13,7
2010,BAY,14,7
2010,FRE,15,7
2010,STU,16,7
2010,KAI,17,7
2010,KOL,18,7
2011,WOB,1,7
2011,SCH,2,7
2011,HERT,3,7
2011,M'G,4,7
2011,LEVK,5,7
2011,STU,6,7
2011,BAY,7,7
2011,WERB,8,7
2011,HAM,9,7
2011,HAN,10,7
2011,DOR,11,7
2011,AUG,12,7
2011,FRE,13,7
2011,NUR,14,7
2011,HOF,15,7
2011,MAI,16,7
2011,KAI,17,7
2011,KOL,18,7
2012,GREF,1,7
2012,BAY,2,7
2012,NUR,3,7
2012,HOF,4,7
2012,EINF,5,7
2012,WOB,6,7
2012,HAN,7,7
2012,STU,8,7
2012,FORD,9,7
2012,FRE,10,7
2012,LEVK,11,7
2012,SCH,12,7
2012,MAI,13,7
2012,M'G,14,7
2012,WERB,15,7
2012,DOR,16,7
2012,HAM,17,7
2012,AUG,18,7
2013,BRA,1,7
2013,LEVK,2,7
2013,DOR,3,7
2013,MAI,4,7
2013,FRE,5,7
2013,M'G,6,7
2013,NUR,7,7
2013,BAY,8,7
2013,WOB,9,7
2013,STU,10,7
2013,HAN,11,7
2013,HERT,12,7
2013,WERB,13,7
2013,EINF,14,7
2013,AUG,15,7
2013,HOF,16,7
2013,SCH,17,7
2013,HAM,18,7
2014,HAM,1,7
2014,HOF,2,7
2014,BAY,3,7
2014,KOL,4,7
2014,EINF,5,7
2014,M'G,6,7
2014,PAD,7,7
2014,HAN,8,7
2014,FRE,9,7
2014,DOR,10,7
2014,SCH,11,7
2014,WERB,12,7
2014,MAI,13,7
2014,HERT,14,7
2014,AUG,15,7
2014,LEVK,16,7
2014,STU,17,7
2014,WOB,18,7
2015,HERT,1,7
2015,M'G,2,7
2015,ING,3,7
2015,AUG,4,7
2015,HAM,5,7
2015,MAI,6,7
2015,WERB,7,7
2015,HAN,8,7
2015,DAR,9,7
2015,SCH,10,7
2015,BAY,11,7
2015,HOF,12,7
2015,EINF,13,7
2015,LEVK,14,7
2015,WOB,15,7
2015,KOL,16,7
2015,STU,17,7
2015,DOR,18,7
2016,ING,1,7
2016,HOF,2,7
2016,WERB,3,7
2016,DOR,4,7
2016,WOB,5,7
2016,BAY,6,7
2016,M'G,7,7
2016,DAR,8,7
2016,LEVK,9,7
2016,MAI,10,7
2016,HERT,11,7
2016,RBL,12,7
2016,KOL,13,7
2016,HAM,14,7
2016,FRE,15,7
2016,AUG,16,7
2016,SCH,17,7
2016,EINF,18,7
2017,AUG,1,7
2017,WERB,2,7
2017,HERT,3,7
2017,WOB,4,7
2017,MAI,5,7
2017,HAN,6,7
2017,STU,7,7
2017,LEVK,8,7
2017,SCH,9,7
2017,BAY,10,7
2017,FRE,11,7
2017,HOF,12,7
2017,KOL,13,7
2017,EINF,14,7
2017,DOR,15,7
2017,HAM,16,7
2017,M'G,17,7
2017,RBL,18,7
2018,HOF,1,7
2018,AUG,2,7
2018,RBL,3,7
2018,M'G,4,7
2018,WOB,5,7
2018,NUR,6,7
2018,BAY,7,7
2018,SCH,8,7
2018,FORD,9,7
2018,MAI,10,7
2018,DOR,11,7
2018,HAN,12,7
2018,LEVK,13,7
2018,WERB,14,7
2018,EINF,15,7
2018,STU,16,7
2018,HERT,17,7
2018,FRE,18,7
2019,UNI,1,7
2019,DOR,2,7
2019,HOF,3,7
2019,FRE,4,7
2019,M'G,5,7
2019,KOL,6,7
2019,WOB,7,7
2019,EINF,8,7
2019,HERT,9,7
2019,AUG,10,7
2019,WERB,11,7
2019,SCH,12,7
2019,FORD,13,7
2019,PAD,14,7
2019,RBL,15,7
2019,LEVK,16,7
2019,BAY,17,7
2019,MAI,18,7
2020,DOR,1,7
2020,MAI,2,7
2020,M'G,3,7
2020,AUG,4,7
2020,RBL,5,7
2020,EINF,6,7
2020,HOF,7,7
2020,BAY,8,7
2020,SCH,9,7
2020,LEVK,10,7
2020,HERT,11,7
2020,STU,12,7
2020,KOL,13,7
2020,WOB,14,7
2020,FRE,15,7
2020,WERB,16,7
2020,BIE,17,7
2020,UNI,18,7
2021,FRE,1,7
2021,DOR,2,7
2021,UNI,3,7
2021,KOL,4,7
2021,WOB,5,7
2021,MAI,6,7
2021,BIE,7,7
2021,AUG,8,7
2021,HOF,9,7
2021,STU,10,7
2021,M'G,11,7
2021,LEVK,12,7
2021,EINF,13,7
2021,RBL,14,7
2021,HERT,15,7
2021,GREF,16,7
2021,BOC,17,7
2021,BAY,18,7
2022,LEVK,1,7
2022,BOC,2,7
2022,AUG,3,7
2022,RBL,4,7
2022,FRE,5,7
2022,HOF,6,7
2022,DOR,7,7
2022,SCH,8,7
2022,EINF,9,7
2022,WOB,10,7
2022,M'G,11,7
2022,UNI,12,7
2022,HERT,13,7
2022,MAI,14,7
2022,BAY,15,7
2022,KOL,16,7
2022,WERB,17,7
2022,STU,18,7
2023,RBL,1,7
2023,DOR,2,7
2023,DAR,3,7
2023,MAI,4,7
2023,FRE,5,7
2023,KOL,6,7
2023,WOB,7,7
2023,BAY,8,7
2023,WERB,9,7
2023,BOC,10,7
2023,UNI,11,7
2023,M'G,12,7
2023,STU,13,7
2023,EINF,14,7
2023,HEI,15,7
2023,AUG,16,7
2023,HOF,17,7
2023,LEVK,18,7
2024,M'G,1,7
2024,FRE,2,7
2024,WOB,3,7
2024,AUG,4,7
2024,EINF,5,7
2024,HOLK,6,7
2024,STU,7,7
2024,LEVK,8,7
2024,HOF,9,7
2024,BOC,10,7
2024,MAI,11,7
2024,WERB,12,7
2024,UNI,13,7
2024,DOR,14,7
2024,HEI,15,7
2024,RBL,16,7
2024,STP,17,7
2024,BAY,18,7
2004,WOB,1,8
2004,BIE,2,8
2004,HAN,3,8
2004,HAM,4,8
2004,BOC,5,8
2004,BAY,6,8
2004,SCH,7,8
2004,WERB,8,8
2004,HERT,9,8
2004,DOR,10,8
2004,LEVK,11,8
2004,NUR,12,8
2004,MAI,13,8
2004,M'G,14,8
2004,STU,15,8
2004,KAI,16,8
2004,FRE,17,8
2004,HANR,18,8
2005,WERB,1,8
2005,HERT,2,8
2005,KOL,3,8
2005,HAN,4,8
2005,EINF,5,8
2005,BAY,6,8
2005,HAM,7,8
2005,DOR,8,8
2005,NUR,9,8
2005,LEVK,10,8
2005,STU,11,8
2005,M'G,12,8
2005,SCH,13,8
2005,KAI,14,8
2005,BIE,15,8
2005,DUI,16,8
2005,MAI,17,8
2005,WOB,18,8
2006,HERT,1,8
2006,BIE,2,8
2006,COT,3,8
2006,STU,4,8
2006,BAY,5,8
2006,M'G,6,8
2006,MAI,7,8
2006,WOB,8,8
2006,BOC,9,8
2006,LEVK,10,8
2006,SCH,11,8
2006,WERB,12,8
2006,EINF,13,8
2006,DOR,14,8
2006,AAC,15,8
2006,HAN,16,8
2006,NUR,17,8
2006,HAM,18,8
2007,BIE,1,8
2007,WERB,2,8
2007,KAR,3,8
2007,NUR,4,8
2007,BAY,5,8
2007,COT,6,8
2007,HANR,7,8
2007,HAM,8,8
2007,EINF,9,8
2007,DOR,10,8
2007,BOC,11,8
2007,LEVK,12,8
2007,SCH,13,8
2007,HERT,14,8
2007,DUI,15,8
2007,STU,16,8
2007,WOB,17,8
2007,HAN,18,8
2008,BOC,1,8
2008,SCH,2,8
2008,BAY,3,8
2008,WOB,4,8
2008,HERT,5,8
2008,KOL,6,8
2008,M'G,7,8
2008,DOR,8,8
2008,WERB,9,8
2008,STU,10,8
2008,LEVK,11,8
2008,HOF,12,8
2008,KAR,13,8
2008,HAM,14,8
2008,HAN,15,8
2008,EINF,16,8
2008,COT,17,8
2008,BIE,18,8
2009,HAM,1,8
2009,KOL,2,8
2009,MAI,3,8
2009,HAN,4,8
2009,BAY,5,8
2009,M'G,6,8
2009,STU,7,8
2009,SCH,8,8
2009,WERB,9,8
2009,EINF,10,8
2009,LEVK,11,8
2009,BOC,12,8
2009,HERT,13,8
2009,DOR,14,8
2009,WOB,15,8
2009,NUR,16,8
2009,HOF,17,8
2009,FRE,18,8
2010,HAM,1,8
2010,BAY,2,8
2010,WERB,3,8
2010,HAN,4,8
2010,EINF,5,8
2010,STU,6,8
2010,FRE,7,8
2010,HOF,8,8
2010,KAI,9,8
2010,DOR,10,8
2010,MAI,11,8
2010,STP,12,8
2010,NUR,13,8
2010,M'G,14,8
2010,LEVK,15,8
2010,WOB,16,8
2010,KOL,17,8
2010,SCH,18,8
2011,AUG,1,8
2011,KAI,2,8
2011,DOR,3,8
2011,BAY,4,8
2011,STU,5,8
2011,WOB,6,8
2011,WERB,7,8
2011,MAI,8,8
2011,HOF,9,8
2011,NUR,10,8
2011,FRE,11,8
2011,M'G,12,8
2011,HERT,13,8
2011,LEVK,14,8
2011,HAN,15,8
2011,SCH,16,8
2011,HAM,17,8
2011,KOL,18,8
2012,NUR,1,8
2012,DOR,2,8
2012,WOB,3,8
2012,HAN,4,8
2012,FORD,5,8
2012,MAI,6,8
2012,LEVK,7,8
2012,FRE,8,8
2012,HOF,9,8
2012,EINF,10,8
2012,HAM,11,8
2012,SCH,12,8
2012,WERB,13,8
2012,GREF,14,8
2012,AUG,15,8
2012,BAY,16,8
2012,M'G,17,8
2012,STU,18,8
2013,STU,1,8
2013,SCH,2,8
2013,WOB,3,8
2013,BRA,4,8
2013,LEVK,5,8
2013,HOF,6,8
2013,BAY,7,8
2013,DOR,8,8
2013,FRE,9,8
2013,M'G,10,8
2013,NUR,11,8
2013,EINF,12,8
2013,AUG,13,8
2013,MAI,14,8
2013,HERT,15,8
2013,HAN,16,8
2013,WERB,17,8
2013,HAM,18,8
2014,PAD,1,8
2014,STU,2,8
2014,FRE,3,8
2014,AUG,4,8
2014,LEVK,5,8
2014,HAM,6,8
2014,HAN,7,8
2014,SCH,8,8
2014,KOL,9,8
2014,HERT,10,8
2014,EINF,11,8
2014,HOF,12,8
2014,DOR,13,8
2014,MAI,14,8
2014,WOB,15,8
2014,M'G,16,8
2014,WERB,17,8
2014,BAY,18,8
2015,HAN,1,8
2015,SCH,2,8
2015,DAR,3,8
2015,DOR,4,8
2015,WERB,5,8
2015,KOL,6,8
2015,AUG,7,8
2015,HOF,8,8
2015,STU,9,8
2015,LEVK,10,8
2015,WOB,11,8
2015,BAY,12,8
2015,HAM,13,8
2015,ING,14,8
2015,HERT,15,8
2015,M'G,16,8
2015,MAI,17,8
2015,EINF,18,8
2016,AUG,1,8
2016,HAM,2,8
2016,WERB,3,8
2016,M'G,4,8
2016,BAY,5,8
2016,LEVK,6,8
2016,SCH,7,8
2016,RBL,8,8
2016,HERT,9,8
2016,DOR,10,8
2016,DAR,11,8
2016,WOB,12,8
2016,KOL,13,8
2016,EINF,14,8
2016,MAI,15,8
2016,ING,16,8
2016,FRE,17,8
2016,HOF,18,8
2017,AUG,1,8
2017,KOL,2,8
2017,MAI,3,8
2017,HAM,4,8
2017,HERT,5,8
2017,EINF,6,8
2017,FRE,7,8
2017,STU,8,8
2017,HOF,9,8
2017,DOR,10,8
2017,WERB,11,8
2017,RBL,12,8
2017,LEVK,13,8
2017,M'G,14,8
2017,HAN,15,8
2017,BAY,16,8
2017,WOB,17,8
2017,SCH,18,8
2018,HOF,1,8
2018,LEVK,2,8
2018,STU,3,8
2018,DOR,4,8
2018,NUR,5,8
2018,AUG,6,8
2018,FRE,7,8
2018,WOB,8,8
2018,WERB,9,8
2018,HAN,10,8
2018,SCH,11,8
2018,RBL,12,8
2018,FORD,13,8
2018,MAI,14,8
2018,HERT,15,8
2018,EINF,16,8
2018,M'G,17,8
2018,BAY,18,8
2019,KOL,1,8
2019,DOR,2,8
2019,M'G,3,8
2019,UNI,4,8
2019,LEVK,5,8
2019,PAD,6,8
2019,WERB,7,8
2019,RBL,8,8
2019,SCH,9,8
2019,WOB,10,8
2019,HOF,11,8
2019,EINF,12,8
2019,BAY,13,8
2019,HERT,14,8
2019,FRE,15,8
2019,MAI,16,8
2019,FORD,17,8
2019,AUG,18,8
2020,BAY,1,8
2020,MAI,2,8
2020,AUG,3,8
2020,HOF,4,8
2020,BIE,5,8
2020,KOL,6,8
2020,DOR,7,8
2020,RBL,8,8
2020,EINF,9,8
2020,FRE,10,8
2020,STU,11,8
2020,HERT,12,8
2020,UNI,13,8
2020,M'G,14,8
2020,WERB,15,8
2020,LEVK,16,8
2020,SCH,17,8
2020,WOB,18,8
2021,MAI,1,8
2021,UNI,2,8
2021,BOC,3,8
2021,BAY,4,8
2021,WOB,5,8
2021,GREF,6,8
2021,STU,7,8
2021,HOF,8,8
2021,HERT,9,8
2021,BIE,10,8
2021,LEVK,11,8
2021,FRE,12,8
2021,DOR,13,8
2021,AUG,14,8
2021,M'G,15,8
2021,KOL,16,8
2021,EINF,17,8
2021,RBL,18,8
2022,M'G,1,8
2022,EINF,2,8
2022,KOL,3,8
2022,HERT,4,8
2022,WOB,5,8
2022,FRE,6,8
2022,HOF,7,8
2022,BAY,8,8
2022,UNI,9,8
2022,MAI,10,8
2022,DOR,11,8
2022,STU,12,8
2022,AUG,13,8
2022,WERB,14,8
2022,SCH,15,8
2022,LEVK,16,8
2022,BOC,17,8
2022,RBL,18,8
2023,DAR,1,8
2023,HOF,2,8
2023,AUG,3,8
2023,WOB,4,8
2023,BAY,5,8
2023,BOC,6,8
2023,DOR,7,8
2023,LEVK,8,8
2023,EINF,9,8
2023,UNI,10,8
2023,STU,11,8
2023,WERB,12,8
2023,M'G,13,8
2023,KOL,14,8
2023,FRE,15,8
2023,MAI,16,8
2023,HEI,17,8
2023,RBL,18,8
2024,STU,1,8
2024,M'G,2,8
2024,WERB,3,8
2024,FRE,4,8
2024,AUG,5,8
2024,BOC,6,8
2024,UNI,7,8
2024,DOR,8,8
2024,BAY,9,8
2024,HOF,10,8
2024,MAI,11,8
2024,HEI,12,8
2024,LEVK,13,8
2024,RBL,14,8
2024,HOLK,15,8
2024,WOB,16,8
2024,STP,17,8
2024,EINF,18,8
2004,LEVK,1,9
2004,HANR,2,9
2004,HAM,3,9
2004,HERT,4,9
2004,M'G,5,9
2004,SCH,6,9
2004,NUR,7,9
2004,MAI,8,9
2004,BAY,9,9
2004,BOC,10,9
2004,WOB,11,9
2004,BIE,12,9
2004,HAN,13,9
2004,KAI,14,9
2004,DOR,15,9
2004,FRE,16,9
2004,WERB,17,9
2004,STU,18,9
2005,SCH,1,9
2005,BIE,2,9
2005,WERB,3,9
2005,STU,4,9
2005,DOR,5,9
2005,BAY,6,9
2005,NUR,7,9
2005,HAN,8,9
2005,LEVK,9,9
2005,KOL,10,9
2005,KAI,11,9
2005,M'G,12,9
2005,EINF,13,9
2005,HAM,14,9
2005,HERT,15,9
2005,MAI,16,9
2005,DUI,17,9
2005,WOB,18,9
2006,NUR,1,9
2006,COT,2,9
2006,SCH,3,9
2006,WERB,4,9
2006,HAN,5,9
2006,HERT,6,9
2006,MAI,7,9
2006,AAC,8,9
2006,DOR,9,9
2006,BIE,10,9
2006,STU,11,9
2006,BAY,12,9
2006,EINF,13,9
2006,BOC,14,9
2006,LEVK,15,9
2006,M'G,16,9
2006,HAM,17,9
2006,WOB,18,9
2007,DOR,1,9
2007,COT,2,9
2007,DUI,3,9
2007,WOB,4,9
2007,WERB,5,9
2007,HAN,6,9
2007,HANR,7,9
2007,SCH,8,9
2007,HERT,9,9
2007,LEVK,10,9
2007,EINF,11,9
2007,KAR,12,9
2007,NUR,13,9
2007,STU,14,9
2007,BIE,15,9
2007,BOC,16,9
2007,BAY,17,9
2007,HAM,18,9
2008,M'G,1,9
2008,LEVK,2,9
2008,BOC,3,9
2008,DOR,4,9
2008,BIE,5,9
2008,SCH,6,9
2008,STU,7,9
2008,EINF,8,9
2008,HERT,9,9
2008,BAY,10,9
2008,COT,11,9
2008,KAR,12,9
2008,WERB,13,9
2008,HAN,14,9
2008,WOB,15,9
2008,HAM,16,9
2008,KOL,17,9
2008,HOF,18,9
2009,LEVK,1,9
2009,WERB,2,9
2009,HERT,3,9
2009,HOF,4,9
2009,FRE,5,9
2009,SCH,6,9
2009,MAI,7,9
2009,HAN,8,9
2009,STU,9,9
2009,HAM,10,9
2009,DOR,11,9
2009,M'G,12,9
2009,BOC,13,9
2009,WOB,14,9
2009,KOL,15,9
2009,NUR,16,9
2009,BAY,17,9
2009,EINF,18,9
2010,KOL,1,9
2010,NUR,2,9
2010,STP,3,9
2010,HAN,4,9
2010,WOB,5,9
2010,HOF,6,9
2010,HAM,7,9
2010,MAI,8,9
2010,STU,9,9
2010,WERB,10,9
2010,LEVK,11,9
2010,BAY,12,9
2010,FRE,13,9
2010,SCH,14,9
2010,KAI,15,9
2010,EINF,16,9
2010,DOR,17,9
2010,M'G,18,9
2011,BAY,1,9
2011,STU,2,9
2011,FRE,3,9
2011,MAI,4,9
2011,KAI,5,9
2011,WOB,6,9
2011,DOR,7,9
2011,KOL,8,9
2011,HAM,9,9
2011,LEVK,10,9
2011,HERT,11,9
2011,HOF,12,9
2011,HAN,13,9
2011,AUG,14,9
2011,SCH,15,9
2011,M'G,16,9
2011,WERB,17,9
2011,NUR,18,9
2012,DOR,1,9
2012,FORD,2,9
2012,AUG,3,9
2012,GREF,4,9
2012,BAY,5,9
2012,LEVK,6,9
2012,MAI,7,9
2012,HOF,8,9
2012,STU,9,9
2012,SCH,10,9
2012,M'G,11,9
2012,WERB,12,9
2012,NUR,13,9
2012,EINF,14,9
2012,HAM,15,9
2012,FRE,16,9
2012,WOB,17,9
2012,HAN,18,9
2013,BRA,1,9
2013,HAN,2,9
2013,DOR,3,9
2013,EINF,4,9
2013,AUG,5,9
2013,BAY,6,9
2013,HOF,7,9
2013,FRE,8,9
2013,WOB,9,9
2013,HAM,10,9
2013,M'G,11,9
2013,SCH,12,9
2013,WERB,13,9
2013,NUR,14,9
2013,MAI,15,9
2013,HERT,16,9
2013,LEVK,17,9
2013,STU,18,9
2014,PAD,1,9
2014,EINF,2,9
2014,STU,3,9
2014,HERT,4,9
2014,HOF,5,9
2014,HAN,6,9
2014,WOB,7,9
2014,WERB,8,9
2014,LEVK,9,9
2014,M'G,10,9
2014,AUG,11,9
2014,FRE,12,9
2014,DOR,13,9
2014,KOL,14,9
2014,MAI,15,9
2014,SCH,16,9
2014,HAM,17,9
2014,BAY,18,9
2015,SCH,1,9
2015,ING,2,9
2015,AUG,3,9
2015,EINF,4,9
2015,WERB,5,9
2015,STU,6,9
2015,LEVK,7,9
2015,BAY,8,9
2015,WOB,9,9
2015,MAI,10,9
2015,HOF,11,9
2015,HERT,12,9
2015,KOL,13,9
2015,DAR,14,9
2015,HAM,15,9
2015,HAN,16,9
2015,M'G,17,9
2015,DOR,18,9
2016,EINF,1,9
2016,DOR,2,9
2016,WOB,3,9
2016,SCH,4,9
2016,HOF,5,9
2016,MAI,6,9
2016,DAR,7,9
2016,HAM,8,9
2016,FRE,9,9
2016,LEVK,10,9
2016,RBL,11,9
2016,AUG,12,9
2016,BAY,13,9
2016,WERB,14,9
2016,M'G,15,9
2016,ING,16,9
2016,HERT,17,9
2016,KOL,18,9
2017,BAY,1,9
2017,M'G,2,9
2017,AUG,3,9
2017,FRE,4,9
2017,HERT,5,9
2017,MAI,6,9
2017,DOR,7,9
2017,LEVK,8,9
2017,KOL,9,9
2017,WERB,10,9
2017,SCH,11,9
2017,STU,12,9
2017,HOF,13,9
2017,EINF,14,9
2017,HAN,15,9
2017,WOB,16,9
2017,RBL,17,9
2017,HAM,18,9
2018,EINF,1,9
2018,DOR,2,9
2018,AUG,3,9
2018,HERT,4,9
2018,M'G,5,9
2018,STU,6,9
2018,RBL,7,9
2018,LEVK,8,9
2018,WERB,9,9
2018,SCH,10,9
2018,BAY,11,9
2018,FRE,12,9
2018,MAI,13,9
2018,NUR,14,9
2018,HAN,15,9
2018,WOB,16,9
2018,FORD,17,9
2018,HOF,18,9
2019,SCH,1,9
2019,FRE,2,9
2019,HERT,3,9
2019,RBL,4,9
2019,DOR,5,9
2019,AUG,6,9
2019,EINF,7,9
2019,KOL,8,9
2019,HOF,9,9
2019,MAI,10,9
2019,LEVK,11,9
2019,WERB,12,9
2019,WOB,13,9
2019,FORD,14,9
2019,BAY,15,9
2019,PAD,16,9
2019,UNI,17,9
2019,M'G,18,9
2020,WOB,1,9
2020,RBL,2,9
2020,MAI,3,9
2020,SCH,4,9
2020,STU,5,9
2020,WERB,6,9
2020,BIE,7,9
2020,UNI,8,9
2020,EINF,9,9
2020,FRE,10,9
2020,HOF,11,9
2020,HERT,12,9
2020,LEVK,13,9
2020,KOL,14,9
2020,BAY,15,9
2020,DOR,16,9
2020,AUG,17,9
2020,M'G,18,9
2021,WOB,1,9
2021,MAI,2,9
2021,FRE,3,9
2021,BIE,4,9
2021,LEVK,5,9
2021,AUG,6,9
2021,HERT,7,9
2021,UNI,8,9
2021,RBL,9,9
2021,M'G,10,9
2021,HOF,11,9
2021,EINF,12,9
2021,BAY,13,9
2021,KOL,14,9
2021,BOC,15,9
2021,GREF,16,9
2021,DOR,17,9
2021,STU,18,9
2022,FRE,1,9
2022,M'G,2,9
2022,HOF,3,9
2022,RBL,4,9
2022,BAY,5,9
2022,HERT,6,9
2022,KOL,7,9
2022,DOR,8,9
2022,EINF,9,9
2022,UNI,10,9
2022,AUG,11,9
2022,WOB,12,9
2022,STU,13,9
2022,WERB,14,9
2022,MAI,15,9
2022,LEVK,16,9
2022,SCH,17,9
2022,BOC,18,9
2023,MAI,1,9
2023,EINF,2,9
2023,WOB,3,9
2023,LEVK,4,9
2023,BAY,5,9
2023,WERB,6,9
2023,FRE,7,9
2023,M'G,8,9
2023,STU,9,9
2023,AUG,10,9
2023,DOR,11,9
2023,HOF,12,9
2023,BOC,13,9
2023,HEI,14,9
2023,KOL,15,9
2023,UNI,16,9
2023,RBL,17,9
2023,DAR,18,9
2024,FRE,1,9
2024,HOF,2,9
2024,HEI,3,9
2024,WERB,4,9
2024,BOC,5,9
2024,UNI,6,9
2024,EINF,7,9
2024,BAY,8,9
2024,STU,9,9
2024,WOB,10,9
2024,LEVK,11,9
2024,HOLK,12,9
2024,M'G,13,9
2024,RBL,14,9
2024,STP,15,9
2024,MAI,16,9
2024,DOR,17,9
2024,AUG,18,9
2004,STU,1,10
2004,DOR,2,10
2004,HERT,3,10
2004,LEVK,4,10
2004,KAI,5,10
2004,FRE,6,10
2004,MAI,7,10
2004,HAM,8,10
2004,WERB,9,10
2004,NUR,10,10
2004,BIE,11,10
2004,HAN,12,10
2004,HANR,13,10
2004,WOB,14,10
2004,SCH,15,10
2004,BOC,16,10
2004,M'G,17,10
2004,BAY,18,10
2005,HERT,1,10
2005,STU,2,10
2005,HAN,3,10
2005,KOL,4,10
2005,LEVK,5,10
2005,WOB,6,10
2005,EINF,7,10
2005,SCH,8,10
2005,HAM,9,10
2005,DOR,10,10
2005,BAY,11,10
2005,M'G,12,10
2005,WERB,13,10
2005,NUR,14,10
2005,MAI,15,10
2005,DUI,16,10
2005,BIE,17,10
2005,KAI,18,10
2006,BAY,1,10
2006,AAC,2,10
2006,DOR,3,10
2006,SCH,4,10
2006,MAI,5,10
2006,LEVK,6,10
2006,HAM,7,10
2006,BIE,8,10
2006,WOB,9,10
2006,EINF,10,10
2006,NUR,11,10
2006,HERT,12,10
2006,COT,13,10
2006,WERB,14,10
2006,STU,15,10
2006,M'G,16,10
2006,BOC,17,10
2006,HAN,18,10
2007,COT,1,10
2007,SCH,2,10
2007,BIE,3,10
2007,DOR,4,10
2007,WOB,5,10
2007,KAR,6,10
2007,NUR,7,10
2007,EINF,8,10
2007,LEVK,9,10
2007,STU,10,10
2007,HERT,11,10
2007,DUI,12,10
2007,HAM,13,10
2007,WERB,14,10
2007,BOC,15,10
2007,BAY,16,10
2007,HAN,17,10
2007,HANR,18,10
2008,HOF,1,10
2008,KOL,2,10
2008,BOC,3,10
2008,HAN,4,10
2008,M'G,5,10
2008,WOB,6,10
2008,LEVK,7,10
2008,SCH,8,10
2008,BIE,9,10
2008,DOR,10,10
2008,STU,11,10
2008,EINF,12,10
2008,COT,13,10
2008,HERT,14,10
2008,HAM,15,10
2008,KAR,16,10
2008,BAY,17,10
2008,WERB,18,10
2009,MAI,1,10
2009,BAY,2,10
2009,NUR,3,10
2009,FRE,4,10
2009,SCH,5,10
2009,WOB,6,10
2009,HOF,7,10
2009,BOC,8,10
2009,HAN,9,10
2009,STU,10,10
2009,LEVK,11,10
2009,M'G,12,10
2009,HERT,13,10
2009,DOR,14,10
2009,KOL,15,10
2009,EINF,16,10
2009,HAM,17,10
2009,WERB,18,10
2010,KAI,1,10
2010,HOF,2,10
2010,WOB,3,10
2010,FRE,4,10
2010,LEVK,5,10
2010,STU,6,10
2010,EINF,7,10
2010,KOL,8,10
2010,MAI,9,10
2010,BAY,10,10
2010,M'G,11,10
2010,DOR,12,10
2010,SCH,13,10
2010,STP,14,10
2010,HAN,15,10
2010,HAM,16,10
2010,NUR,17,10
2010,WERB,18,10
2011,FRE,1,10
2011,SCH,2,10
2011,HOF,3,10
2011,KOL,4,10
2011,WOB,5,10
2011,KAI,6,10
2011,HERT,7,10
2011,WERB,8,10
2011,STU,9,10
2011,AUG,10,10
2011,M'G,11,10
2011,NUR,12,10
2011,MAI,13,10
2011,HAM,14,10
2011,LEVK,15,10
2011,DOR,16,10
2011,HAN,17,10
2011,BAY,18,10
2012,WOB,1,10
2012,HOF,2,10
2012,EINF,3,10
2012,DOR,4,10
2012,FRE,5,10
2012,M'G,6,10
2012,SCH,7,10
2012,STU,8,10
2012,FORD,9,10
2012,MAI,10,10
2012,HAN,11,10
2012,LEVK,12,10
2012,NUR,13,10
2012,BAY,14,10
2012,GREF,15,10
2012,WERB,16,10
2012,HAM,17,10
2012,AUG,18,10
2013,DOR,1,10
2013,BRA,2,10
2013,M'G,3,10
2013,WERB,4,10
2013,WOB,5,10
2013,NUR,6,10
2013,MAI,7,10
2013,EINF,8,10
2013,FRE,9,10
2013,HAN,10,10
2013,AUG,11,10
2013,HOF,12,10
2013,HERT,13,10
2013,SCH,14,10
2013,LEVK,15,10
2013,BAY,16,10
2013,HAM,17,10
2013,STU,18,10
2014,BAY,1,10
2014,MAI,2,10
2014,M'G,3,10
2014,LEVK,4,10
2014,EINF,5,10
2014,HAM,6,10
2014,KOL,7,10
2014,WOB,8,10
2014,WERB,9,10
2014,STU,10,10
2014,FRE,11,10
2014,AUG,12,10
2014,PAD,13,10
2014,HOF,14,10
2014,SCH,15,10
2014,DOR,16,10
2014,HAN,17,10
2014,HERT,18,10
2015,HOF,1,10
2015,SCH,2,10
2015,BAY,3,10
2015,KOL,4,10
2015,WOB,5,10
2015,WERB,6,10
2015,LEVK,7,10
2015,DAR,8,10
2015,HAM,9,10
2015,AUG,10,10
2015,HERT,11,10
2015,HAN,12,10
2015,M'G,13,10
2015,DOR,14,10
2015,MAI,15,10
2015,STU,16,10
2015,EINF,17,10
2015,ING,18,10
2016,BAY,1,10
2016,LEVK,2,10
2016,DAR,3,10
2016,HAM,4,10
2016,FRE,5,10
2016,AUG,6,10
2016,EINF,7,10
2016,WERB,8,10
2016,HERT,9,10
2016,RBL,10,10
2016,KOL,11,10
2016,MAI,12,10
2016,WOB,13,10
2016,M'G,14,10
2016,ING,15,10
2016,DOR,16,10
2016,SCH,17,10
2016,HOF,18,10
2017,HAM,1,10
2017,M'G,2,10
2017,KOL,3,10
2017,LEVK,4,10
2017,HAN,5,10
2017,WOB,6,10
2017,DOR,7,10
2017,SCH,8,10
2017,EINF,9,10
2017,MAI,10,10
2017,HERT,11,10
2017,HOF,12,10
2017,AUG,13,10
2017,WERB,14,10
2017,BAY,15,10
2017,RBL,16,10
2017,FRE,17,10
2017,STU,18,10
2018,FRE,1,10
2018,STU,2,10
2018,SCH,3,10
2018,MAI,4,10
2018,HAN,5,10
2018,WOB,6,10
2018,M'G,7,10
2018,FORD,8,10
2018,RBL,9,10
2018,EINF,10,10
2018,HOF,11,10
2018,AUG,12,10
2018,HERT,13,10
2018,LEVK,14,10
2018,NUR,15,10
2018,WERB,16,10
2018,BAY,17,10
2018,DOR,18,10
2019,FORD,1,10
2019,RBL,2,10
2019,LEVK,3,10
2019,AUG,4,10
2019,PAD,5,10
2019,BAY,6,10
2019,WERB,7,10
2019,FRE,8,10
2019,KOL,9,10
2019,DOR,10,10
2019,HOF,11,10
2019,UNI,12,10
2019,MAI,13,10
2019,M'G,14,10
2019,HERT,15,10
2019,SCH,16,10
2019,WOB,17,10
2019,EINF,18,10
2020,WOB,1,10
2020,HERT,2,10
2020,M'G,3,10
2020,BIE,4,10
2020,WERB,5,10
2020,BAY,6,10
2020,KOL,7,10
2020,MAI,8,10
2020,UNI,9,10
2020,FRE,10,10
2020,LEVK,11,10
2020,EINF,12,10
2020,STU,13,10
2020,SCH,14,10
2020,DOR,15,10
2020,AUG,16,10
2020,HOF,17,10
2020,RBL,18,10
2021,DOR,1,10
2021,HERT,2,10
2021,WOB,3,10
2021,RBL,4,10
2021,KOL,5,10
2021,HOF,6,10
2021,STU,7,10
2021,MAI,8,10
2021,BAY,9,10
2021,BOC,10,10
2021,LEVK,11,10
2021,EINF,12,10
2021,UNI,13,10
2021,FRE,14,10
2021,AUG,15,10
2021,GREF,16,10
2021,BIE,17,10
2021,M'G,18,10
2022,DOR,1,10
2022,WERB,2,10
2022,KOL,3,10
2022,AUG,4,10
2022,STU,5,10
2022,WOB,6,10
2022,BOC,7,10
2022,FRE,8,10
2022,HOF,9,10
2022,M'G,10,10
2022,SCH,11,10
2022,MAI,12,10
2022,RBL,13,10
2022,BAY,14,10
2022,UNI,15,10
2022,EINF,16,10
2022,HERT,17,10
2022,LEVK,18,10
2023,WERB,1,10
2023,DAR,2,10
2023,M'G,3,10
2023,AUG,4,10
2023,EINF,5,10
2023,HEI,6,10
2023,FRE,7,10
2023,BOC,8,10
2023,MAI,9,10
2023,DOR,10,10
2023,BAY,11,10
2023,STU,12,10
2023,KOL,13,10
2023,UNI,14,10
2023,WOB,15,10
2023,LEVK,16,10
2023,RBL,17,10
2023,HOF,18,10
2024,STP,1,10
2024,M'G,2,10
2024,HOF,3,10
2024,BOC,4,10
2024,WOB,5,10
2024,DOR,6,10
2024,LEVK,7,10
2024,MAI,8,10
2024,UNI,9,10
2024,STU,10,10
2024,BAY,11,10
2024,HEI,12,10
2024,HOLK,13,10
2024,AUG,14,10
2024,EINF,15,10
2024,FRE,16,10
2024,RBL,17,10
2024,WERB,18,10
