league,season,team_id,games_played,wins,losses,ties,win_pct,points_for,points_against,point_diff,rank
MLB,1980,NYA,162,103,59,0,0.636,820,662,158,1
MLB,1980,BAL,162,100,62,0,0.617,805,640,165,2
MLB,1980,KCA,162,97,65,0,0.599,809,694,115,3
MLB,1980,HOU,163,93,70,0,0.571,637,589,48,4
MLB,1980,LAN,163,92,71,0,0.564,663,591,72,5
MLB,1980,PHI,162,91,71,0,0.562,728,639,89,6
MLB,1980,MON,162,90,72,0,0.556,694,629,65,7
MLB,1980,CIN,163,89,73,1,0.549,707,670,37,8
MLB,1980,MIL,162,86,76,0,0.531,811,682,129,9
MLB,1980,BOS,160,83,77,0,0.519,757,767,-10,10
MLB,1980,DET,163,84,78,1,0.518,830,757,73,11
MLB,1980,OAK,162,83,79,0,0.512,686,642,44,12
MLB,1980,PIT,162,83,79,0,0.512,666,646,20,13
MLB,1980,ATL,161,81,80,0,0.503,630,660,-30,14
MLB,1980,CLE,160,79,81,0,0.494,738,807,-69,15
MLB,1980,MIN,161,77,84,0,0.478,670,724,-54,16
MLB,1980,TEX,163,76,85,2,0.472,756,752,4,17
MLB,1980,SFN,161,75,86,0,0.466,573,634,-61,18
MLB,1980,SLN,162,74,88,0,0.457,738,710,28,19
MLB,1980,SDN,163,73,89,1,0.451,591,654,-63,20
MLB,1980,CHA,162,70,90,2,0.438,587,722,-135,21
MLB,1980,NYN,162,67,95,0,0.414,611,702,-91,22
MLB,1980,TOR,162,67,95,0,0.414,624,762,-138,23
MLB,1980,CAL,160,65,95,0,0.406,698,797,-99,24
MLB,1980,CHN,162,64,98,0,0.395,614,728,-114,25
MLB,1980,SEA,163,59,103,1,0.365,610,793,-183,26
MLB,1981,CIN,108,66,42,0,0.611,464,440,24,1
MLB,1981,OAK,109,64,45,0,0.587,458,403,55,2
MLB,1981,SLN,103,59,43,1,0.578,464,417,47,3
MLB,1981,LAN,110,63,47,0,0.573,450,356,94,4
MLB,1981,MIL,109,62,47,0,0.569,493,459,34,5
MLB,1981,BAL,105,59,46,0,0.562,429,437,-8,6
MLB,1981,MON,108,60,48,0,0.556,443,394,49,7
MLB,1981,HOU,110,61,49,0,0.555,394,331,63,8
MLB,1981,NYA,107,59,48,0,0.551,421,343,78,9
MLB,1981,PHI,107,59,48,0,0.551,491,472,19,10
MLB,1981,DET,109,60,49,0,0.55,427,404,23,11
MLB,1981,BOS,108,59,49,0,0.546,519,481,38,12
MLB,1981,TEX,105,57,48,0,0.543,452,389,63,13
MLB,1981,CHA,106,54,52,0,0.509,476,423,53,14
MLB,1981,SFN,111,56,55,0,0.505,427,414,13,15
MLB,1981,CLE,103,52,51,0,0.505,431,442,-11,16
MLB,1981,KCA,103,50,53,0,0.485,397,405,-8,17
MLB,1981,ATL,107,50,56,1,0.472,395,416,-21,18
MLB,1981,CAL,110,51,59,0,0.464,476,453,23,19
MLB,1981,PIT,103,46,56,1,0.451,407,425,-18,20
MLB,1981,SEA,110,44,65,1,0.405,426,521,-95,21
MLB,1981,NYN,105,41,62,2,0.4,348,432,-84,22
MLB,1981,MIN,110,41,68,1,0.377,378,486,-108,23
MLB,1981,SDN,110,41,69,0,0.373,382,455,-73,24
MLB,1981,CHN,106,38,65,3,0.373,370,483,-113,25
MLB,1981,TOR,106,37,69,0,0.349,329,466,-137,26
MLB,1982,MIL,163,95,67,1,0.586,891,717,174,1
MLB,1982,BAL,163,94,68,1,0.58,774,687,87,2
MLB,1982,CAL,162,93,69,0,0.574,814,670,144,3
MLB,1982,SLN,162,92,70,0,0.568,685,609,76,4
MLB,1982,KCA,162,90,72,0,0.556,784,717,67,5
MLB,1982,BOS,162,89,73,0,0.549,753,713,40,6
MLB,1982,ATL,162,89,73,0,0.549,739,702,37,7
MLB,1982,PHI,162,89,73,0,0.549,664,654,10,8
MLB,1982,LAN,162,88,74,0,0.543,691,612,79,9
MLB,1982,CHA,162,87,75,0,0.537,786,710,76,10
MLB,1982,SFN,162,87,75,0,0.537,673,687,-14,11
MLB,1982,MON,162,86,76,0,0.531,697,616,81,12
MLB,1982,PIT,162,84,78,0,0.519,724,696,28,13
MLB,1982,DET,162,83,79,0,0.512,729,685,44,14
MLB,1982,SDN,162,81,81,0,0.5,675,658,17,15
MLB,1982,NYA,162,79,83,0,0.488,709,716,-7,16
MLB,1982,TOR,162,78,84,0,0.481,651,701,-50,17
MLB,1982,CLE,162,78,84,0,0.481,683,748,-65,18
MLB,1982,HOU,162,77,85,0,0.475,569,620,-51,19
MLB,1982,SEA,162,76,86,0,0.469,651,712,-61,20
MLB,1982,CHN,162,73,89,0,0.451,676,709,-33,21
MLB,1982,OAK,162,68,94,0,0.42,691,819,-128,22
MLB,1982,NYN,162,65,97,0,0.401,609,723,-114,23
MLB,1982,TEX,162,64,98,0,0.395,590,749,-159,24
MLB,1982,CIN,162,61,101,0,0.377,545,661,-116,25
MLB,1982,MIN,162,60,102,0,0.37,657,819,-162,26
MLB,1983,CHA,162,99,63,0,0.611,800,650,150,1
MLB,1983,BAL,162,98,64,0,0.605,799,652,147,2
MLB,1983,DET,162,92,70,0,0.568,789,679,110,3
MLB,1983,NYA,162,91,71,0,0.562,770,703,67,4
MLB,1983,LAN,163,91,71,1,0.561,654,609,45,5
MLB,1983,PHI,163,90,72,1,0.555,696,635,61,6
MLB,1983,TOR,162,89,73,0,0.549,795,726,69,7
MLB,1983,ATL,162,88,74,0,0.543,746,640,106,8
MLB,1983,MIL,162,87,75,0,0.537,764,708,56,9
MLB,1983,HOU,162,85,77,0,0.525,643,646,-3,10
MLB,1983,PIT,162,84,78,0,0.519,659,648,11,11
MLB,1983,MON,163,82,80,1,0.506,677,646,31,12
MLB,1983,SDN,163,81,81,1,0.5,653,653,0,13
MLB,1983,SFN,162,79,83,0,0.488,687,697,-10,14
MLB,1983,SLN,162,79,83,0,0.488,679,710,-31,15
MLB,1983,KCA,163,79,83,1,0.488,696,767,-71,16
MLB,1983,BOS,162,78,84,0,0.481,724,775,-51,17
MLB,1983,TEX,163,77,85,1,0.475,639,609,30,18
MLB,1983,OAK,162,74,88,0,0.457,708,782,-74,19
MLB,1983,CIN,162,74,88,0,0.457,623,710,-87,20
MLB,1983,CHN,162,71,91,0,0.438,701,719,-18,21
MLB,1983,CAL,162,70,92,0,0.432,722,779,-57,22
MLB,1983,CLE,162,70,92,0,0.432,704,785,-81,23
MLB,1983,MIN,162,70,92,0,0.432,709,822,-113,24
MLB,1983,NYN,162,68,94,0,0.42,575,680,-105,25
MLB,1983,SEA,162,60,102,0,0.37,558,740,-182,26
MLB,1984,DET,162,104,58,0,0.642,829,643,186,1
MLB,1984,CHN,161,96,65,0,0.596,762,658,104,2
MLB,1984,SDN,162,92,70,0,0.568,686,634,52,3
MLB,1984,NYN,162,90,72,0,0.556,652,676,-24,4
MLB,1984,TOR,163,89,73,1,0.549,750,696,54,5
MLB,1984,NYA,162,87,75,0,0.537,758,679,79,6
MLB,1984,BOS,162,86,76,0,0.531,810,764,46,7
MLB,1984,BAL,162,85,77,0,0.525,681,667,14,8
MLB,1984,SLN,162,84,78,0,0.519,652,645,7,9
MLB,1984,KCA,162,84,78,0,0.519,673,686,-13,10
MLB,1984,PHI,162,81,81,0,0.5,720,690,30,11
MLB,1984,CAL,162,81,81,0,0.5,696,697,-1,12
MLB,1984,MIN,162,81,81,0,0.5,673,675,-2,13
MLB,1984,HOU,162,80,82,0,0.494,693,630,63,14
MLB,1984,ATL,162,80,82,0,0.494,632,655,-23,15
MLB,1984,LAN,162,79,83,0,0.488,580,600,-20,16
MLB,1984,MON,161,78,83,0,0.484,593,585,8,17
MLB,1984,OAK,162,77,85,0,0.475,738,796,-58,18
MLB,1984,PIT,162,75,87,0,0.463,615,567,48,19
MLB,1984,CLE,163,75,87,1,0.463,761,766,-5,20
MLB,1984,CHA,162,74,88,0,0.457,679,736,-57,21
MLB,1984,SEA,162,74,88,0,0.457,682,774,-92,22
MLB,1984,CIN,162,70,92,0,0.432,627,747,-120,23
MLB,1984,TEX,161,69,92,0,0.429,656,714,-58,24
MLB,1984,MIL,161,67,94,0,0.416,641,734,-93,25
MLB,1984,SFN,162,66,96,0,0.407,682,807,-125,26
MLB,1985,SLN,162,101,61,0,0.623,747,572,175,1
MLB,1985,TOR,161,99,62,0,0.615,759,588,171,2
MLB,1985,NYN,162,98,64,0,0.605,695,568,127,3
MLB,1985,NYA,161,97,64,0,0.602,839,660,179,4
MLB,1985,LAN,162,95,67,0,0.586,682,579,103,5
MLB,1985,KCA,162,91,71,0,0.562,687,639,48,6
MLB,1985,CAL,162,90,72,0,0.556,732,703,29,7
MLB,1985,CIN,162,89,72,1,0.552,677,666,11,8
MLB,1985,CHA,163,85,77,1,0.525,736,720,16,9
MLB,1985,DET,161,84,77,0,0.522,729,688,41,10
MLB,1985,MON,161,84,77,0,0.522,633,636,-3,11
MLB,1985,BAL,161,83,78,0,0.516,818,764,54,12
MLB,1985,SDN,162,83,79,0,0.512,650,622,28,13
MLB,1985,HOU,162,83,79,0,0.512,706,691,15,14
MLB,1985,BOS,163,81,81,1,0.5,800,720,80,15
MLB,1985,CHN,162,77,84,1,0.478,686,729,-43,16
MLB,1985,OAK,162,77,85,0,0.475,757,787,-30,17
MLB,1985,MIN,162,77,85,0,0.475,705,782,-77,18
MLB,1985,PHI,162,75,87,0,0.463,667,673,-6,19
MLB,1985,SEA,162,74,88,0,0.457,719,818,-99,20
MLB,1985,MIL,161,71,90,0,0.441,690,802,-112,21
MLB,1985,ATL,162,66,96,0,0.407,632,781,-149,22
MLB,1985,TEX,161,62,99,0,0.385,617,785,-168,23
MLB,1985,SFN,162,62,100,0,0.383,556,674,-118,24
MLB,1985,CLE,162,60,102,0,0.37,729,861,-132,25
MLB,1985,PIT,161,57,104,0,0.354,568,708,-140,26
MLB,1986,NYN,162,108,54,0,0.667,783,578,205,1
MLB,1986,HOU,162,96,66,0,0.593,654,569,85,2
MLB,1986,BOS,161,95,66,0,0.59,794,696,98,3
MLB,1986,CAL,162,92,70,0,0.568,786,684,102,4
MLB,1986,NYA,162,90,72,0,0.556,797,738,59,5
MLB,1986,DET,162,87,75,0,0.537,798,714,84,6
MLB,1986,TEX,162,87,75,0,0.537,771,743,28,7
MLB,1986,PHI,161,86,75,0,0.534,739,713,26,8
MLB,1986,TOR,163,86,76,1,0.531,809,733,76,9
MLB,1986,CIN,162,86,76,0,0.531,732,717,15,10
MLB,1986,CLE,163,84,78,1,0.518,831,841,-10,11
MLB,1986,SFN,162,83,79,0,0.512,698,618,80,12
MLB,1986,SLN,161,79,82,0,0.491,601,611,-10,13
MLB,1986,MON,161,78,83,0,0.484,637,688,-51,14
MLB,1986,MIL,161,77,84,0,0.478,667,734,-67,15
MLB,1986,KCA,162,76,86,0,0.469,654,673,-19,16
MLB,1986,OAK,162,76,86,0,0.469,731,760,-29,17
MLB,1986,SDN,162,74,88,0,0.457,656,723,-67,18
MLB,1986,LAN,162,73,89,0,0.451,638,679,-41,19
MLB,1986,BAL,162,73,89,0,0.451,708,760,-52,20
MLB,1986,ATL,161,72,89,0,0.447,615,719,-104,21
MLB,1986,CHA,162,72,90,0,0.444,644,699,-55,22
MLB,1986,MIN,162,71,91,0,0.438,741,839,-98,23
MLB,1986,CHN,160,70,90,0,0.438,680,781,-101,24
MLB,1986,SEA,162,67,95,0,0.414,718,835,-117,25
MLB,1986,PIT,162,64,98,0,0.395,663,700,-37,26
MLB,1987,DET,162,98,64,0,0.605,896,735,161,1
MLB,1987,TOR,162,96,66,0,0.593,845,655,190,2
MLB,1987,SLN,162,95,67,0,0.586,798,693,105,3
MLB,1987,NYN,162,92,70,0,0.568,823,698,125,4
MLB,1987,MIL,162,91,71,0,0.562,862,817,45,5
MLB,1987,MON,162,91,71,0,0.562,741,720,21,6
MLB,1987,SFN,162,90,72,0,0.556,783,669,114,7
MLB,1987,NYA,162,89,73,0,0.549,788,758,30,8
MLB,1987,MIN,162,85,77,0,0.525,786,806,-20,9
MLB,1987,CIN,162,84,78,0,0.519,783,752,31,10
MLB,1987,KCA,162,83,79,0,0.512,715,691,24,11
MLB,1987,OAK,162,81,81,0,0.5,806,789,17,12
MLB,1987,PIT,162,80,82,0,0.494,723,744,-21,13
MLB,1987,PHI,162,80,82,0,0.494,702,749,-47,14
MLB,1987,BOS,162,78,84,0,0.481,842,825,17,15
MLB,1987,SEA,162,78,84,0,0.481,760,801,-41,16
MLB,1987,CHA,162,77,85,0,0.475,748,746,2,17
MLB,1987,CHN,161,76,85,0,0.472,720,801,-81,18
MLB,1987,HOU,162,76,86,0,0.469,648,678,-30,19
MLB,1987,TEX,162,75,87,0,0.463,823,849,-26,20
MLB,1987,CAL,162,75,87,0,0.463,770,803,-33,21
MLB,1987,LAN,162,73,89,0,0.451,635,675,-40,22
MLB,1987,ATL,161,69,92,0,0.429,747,829,-82,23
MLB,1987,BAL,162,67,95,0,0.414,729,880,-151,24
MLB,1987,SDN,162,65,97,0,0.401,668,763,-95,25
MLB,1987,CLE,162,61,101,0,0.377,742,957,-215,26
MLB,1988,OAK,162,104,58,0,0.642,800,620,180,1
MLB,1988,NYN,160,100,60,0,0.625,703,532,171,2
MLB,1988,LAN,162,94,67,1,0.583,628,544,84,3
MLB,1988,MIN,162,91,71,0,0.562,759,672,87,4
MLB,1988,BOS,162,89,73,0,0.549,813,689,124,5
MLB,1988,DET,162,88,74,0,0.543,703,658,45,6
MLB,1988,CIN,161,87,74,0,0.54,641,596,45,7
MLB,1988,TOR,162,87,75,0,0.537,763,680,83,8
MLB,1988,MIL,162,87,75,0,0.537,682,616,66,9
MLB,1988,PIT,160,85,75,0,0.531,651,616,35,10
MLB,1988,NYA,161,85,76,0,0.528,772,748,24,11
MLB,1988,KCA,161,84,77,0,0.522,704,648,56,12
MLB,1988,SDN,161,83,78,0,0.516,594,583,11,13
MLB,1988,SFN,162,83,79,0,0.512,670,626,44,14
MLB,1988,HOU,162,82,80,0,0.506,617,631,-14,15
MLB,1988,MON,163,81,81,1,0.5,628,592,36,16
MLB,1988,CLE,162,78,84,0,0.481,666,731,-65,17
MLB,1988,CHN,163,77,85,1,0.475,660,694,-34,18
MLB,1988,SLN,162,76,86,0,0.469,578,633,-55,19
MLB,1988,CAL,162,75,87,0,0.463,714,771,-57,20
MLB,1988,CHA,161,71,90,0,0.441,631,757,-126,21
MLB,1988,TEX,161,70,91,0,0.435,637,735,-98,22
MLB,1988,SEA,161,68,93,0,0.422,664,744,-80,23
MLB,1988,PHI,162,65,96,1,0.404,597,734,-137,24
MLB,1988,ATL,160,54,106,0,0.338,555,741,-186,25
MLB,1988,BAL,161,54,107,0,0.335,550,789,-239,26
MLB,1989,OAK,162,99,63,0,0.611,712,576,136,1
MLB,1989,CHN,162,93,69,0,0.574,702,623,79,2
MLB,1989,SFN,162,92,70,0,0.568,699,600,99,3
MLB,1989,KCA,162,92,70,0,0.568,690,635,55,4
MLB,1989,CAL,162,91,71,0,0.562,669,578,91,5
MLB,1989,TOR,162,89,73,0,0.549,731,651,80,6
MLB,1989,SDN,162,89,73,0,0.549,642,626,16,7
MLB,1989,NYN,162,87,75,0,0.537,683,595,88,8
MLB,1989,BAL,162,87,75,0,0.537,708,686,22,9
MLB,1989,HOU,162,86,76,0,0.531,647,669,-22,10
MLB,1989,SLN,164,86,76,2,0.53,632,608,24,11
MLB,1989,BOS,162,83,79,0,0.512,774,735,39,12
MLB,1989,TEX,162,83,79,0,0.512,695,714,-19,13
MLB,1989,MIL,162,81,81,0,0.5,707,679,28,14
MLB,1989,MON,162,81,81,0,0.5,632,630,2,15
MLB,1989,MIN,162,80,82,0,0.494,740,738,2,16
MLB,1989,LAN,160,77,83,0,0.481,554,536,18,17
MLB,1989,CIN,162,75,87,0,0.463,632,691,-59,18
MLB,1989,NYA,161,74,87,0,0.46,698,792,-94,19
MLB,1989,PIT,164,74,88,2,0.457,637,680,-43,20
MLB,1989,SEA,162,73,89,0,0.451,694,728,-34,21
MLB,1989,CLE,162,73,89,0,0.451,604,654,-50,22
MLB,1989,CHA,161,69,92,0,0.429,693,750,-57,23
MLB,1989,PHI,163,67,95,1,0.414,629,735,-106,24
MLB,1989,ATL,161,63,97,1,0.394,584,680,-96,25
MLB,1989,DET,162,59,103,0,0.364,617,816,-199,26
MLB,1990,OAK,162,103,59,0,0.636,733,570,163,1
MLB,1990,PIT,162,95,67,0,0.586,733,619,114,2
MLB,1990,CHA,162,94,68,0,0.58,682,633,49,3
MLB,1990,NYN,162,91,71,0,0.562,775,613,162,4
MLB,1990,CIN,162,91,71,0,0.562,693,597,96,5
MLB,1990,BOS,162,88,74,0,0.543,699,664,35,6
MLB,1990,TOR,162,86,76,0,0.531,767,661,106,7
MLB,1990,LAN,162,86,76,0,0.531,728,685,43,8
MLB,1990,MON,162,85,77,0,0.525,662,598,64,9
MLB,1990,SFN,162,85,77,0,0.525,719,710,9,10
MLB,1990,TEX,162,83,79,0,0.512,676,696,-20,11
MLB,1990,CAL,162,80,82,0,0.494,690,706,-16,12
MLB,1990,DET,162,79,83,0,0.488,750,754,-4,13
MLB,1990,CLE,162,77,85,0,0.475,732,737,-5,14
MLB,1990,SEA,162,77,85,0,0.475,640,680,-40,15
MLB,1990,PHI,162,77,85,0,0.475,646,729,-83,16
MLB,1990,CHN,162,77,85,0,0.475,690,774,-84,17
MLB,1990,BAL,161,76,85,0,0.472,669,698,-29,18
MLB,1990,KCA,161,75,86,0,0.466,707,709,-2,19
MLB,1990,SDN,162,75,87,0,0.463,673,673,0,20
MLB,1990,HOU,162,75,87,0,0.463,573,656,-83,21
MLB,1990,MIL,162,74,88,0,0.457,732,760,-28,22
MLB,1990,MIN,162,74,88,0,0.457,666,729,-63,23
MLB,1990,SLN,162,70,92,0,0.432,599,698,-99,24
MLB,1990,NYA,162,67,95,0,0.414,603,749,-146,25
MLB,1990,ATL,162,65,97,0,0.401,682,821,-139,26
MLB,1991,PIT,162,98,64,0,0.605,768,632,136,1
MLB,1991,MIN,162,95,67,0,0.586,776,652,124,2
MLB,1991,ATL,162,94,68,0,0.58,749,644,105,3
MLB,1991,LAN,162,93,69,0,0.574,665,565,100,4
MLB,1991,TOR,162,91,71,0,0.562,684,622,62,5
MLB,1991,CHA,162,87,75,0,0.537,758,681,77,6
MLB,1991,TEX,162,85,77,0,0.525,829,814,15,7
MLB,1991,DET,162,84,78,0,0.519,817,794,23,8
MLB,1991,BOS,162,84,78,0,0.519,731,712,19,9
MLB,1991,SLN,162,84,78,0,0.519,651,648,3,10
MLB,1991,SDN,162,84,78,0,0.519,636,646,-10,11
MLB,1991,OAK,162,84,78,0,0.519,760,776,-16,12
MLB,1991,MIL,162,83,79,0,0.512,799,744,55,13
MLB,1991,SEA,162,83,79,0,0.512,702,674,28,14
MLB,1991,KCA,162,82,80,0,0.506,727,722,5,15
MLB,1991,CAL,162,81,81,0,0.5,653,649,4,16
MLB,1991,CHN,160,77,83,0,0.481,695,734,-39,17
MLB,1991,PHI,162,78,84,0,0.481,629,680,-51,18
MLB,1991,NYN,161,77,84,0,0.478,640,646,-6,19
MLB,1991,SFN,162,75,87,0,0.463,649,697,-48,20
MLB,1991,CIN,162,74,88,0,0.457,689,691,-2,21
MLB,1991,MON,161,71,90,0,0.441,579,655,-76,22
MLB,1991,NYA,162,71,91,0,0.438,674,777,-103,23
MLB,1991,BAL,162,67,95,0,0.414,686,796,-110,24
MLB,1991,HOU,162,65,97,0,0.401,605,717,-112,25
MLB,1991,CLE,162,57,105,0,0.352,576,759,-183,26
MLB,1992,ATL,162,98,64,0,0.605,682,569,113,1
MLB,1992,PIT,162,96,66,0,0.593,693,595,98,2
MLB,1992,TOR,162,96,66,0,0.593,780,682,98,3
MLB,1992,OAK,162,96,66,0,0.593,745,672,73,4
MLB,1992,MIL,162,92,70,0,0.568,740,604,136,5
MLB,1992,MIN,162,90,72,0,0.556,747,653,94,6
MLB,1992,CIN,162,90,72,0,0.556,660,609,51,7
MLB,1992,BAL,162,89,73,0,0.549,705,656,49,8
MLB,1992,MON,162,87,75,0,0.537,648,581,67,9
MLB,1992,CHA,162,86,76,0,0.531,738,690,48,10
MLB,1992,SLN,162,83,79,0,0.512,631,604,27,11
MLB,1992,SDN,162,82,80,0,0.506,617,636,-19,12
MLB,1992,HOU,162,81,81,0,0.5,608,668,-60,13
MLB,1992,CHN,162,78,84,0,0.481,593,624,-31,14
MLB,1992,TEX,162,77,85,0,0.475,682,753,-71,15
MLB,1992,NYA,162,76,86,0,0.469,733,746,-13,16
MLB,1992,CLE,162,76,86,0,0.469,674,746,-72,17
MLB,1992,DET,162,75,87,0,0.463,791,794,-3,18
MLB,1992,BOS,162,73,89,0,0.451,599,669,-70,19
MLB,1992,NYN,162,72,90,0,0.444,599,653,-54,20
MLB,1992,KCA,162,72,90,0,0.444,610,667,-57,21
MLB,1992,SFN,162,72,90,0,0.444,574,647,-73,22
MLB,1992,CAL,162,72,90,0,0.444,579,671,-92,23
MLB,1992,PHI,162,70,92,0,0.432,686,717,-31,24
MLB,1992,SEA,162,64,98,0,0.395,679,799,-120,25
MLB,1992,LAN,162,63,99,0,0.389,548,636,-88,26
MLB,1993,ATL,162,104,58,0,0.642,767,559,208,1
MLB,1993,SFN,162,103,59,0,0.636,808,636,172,2
MLB,1993,PHI,162,97,65,0,0.599,877,740,137,3
MLB,1993,TOR,162,95,67,0,0.586,847,742,105,4
MLB,1993,CHA,162,94,68,0,0.58,776,664,112,5
MLB,1993,MON,163,94,68,1,0.58,732,682,50,6
MLB,1993,NYA,162,88,74,0,0.543,821,761,60,7
MLB,1993,SLN,162,87,75,0,0.537,758,744,14,8
MLB,1993,TEX,162,86,76,0,0.531,835,751,84,9
MLB,1993,HOU,162,85,77,0,0.525,716,630,86,10
MLB,1993,DET,162,85,77,0,0.525,899,837,62,11
MLB,1993,BAL,162,85,77,0,0.525,786,745,41,12
MLB,1993,KCA,162,84,78,0,0.519,675,694,-19,13
MLB,1993,CHN,163,84,78,1,0.518,738,739,-1,14
MLB,1993,SEA,162,82,80,0,0.506,734,731,3,15
MLB,1993,LAN,162,81,81,0,0.5,675,662,13,16
MLB,1993,BOS,162,80,82,0,0.494,686,698,-12,17
MLB,1993,CLE,162,76,86,0,0.469,790,813,-23,18
MLB,1993,PIT,162,75,87,0,0.463,707,806,-99,19
MLB,1993,CIN,162,73,89,0,0.451,722,785,-63,20
MLB,1993,CAL,162,71,91,0,0.438,684,770,-86,21
MLB,1993,MIN,162,71,91,0,0.438,693,830,-137,22
MLB,1993,MIL,162,69,93,0,0.426,733,792,-59,23
MLB,1993,OAK,162,68,94,0,0.42,715,846,-131,24
MLB,1993,COL,162,67,95,0,0.414,758,967,-209,25
MLB,1993,FLO,162,64,98,0,0.395,581,724,-143,26
MLB,1993,SDN,162,61,101,0,0.377,679,772,-93,27
MLB,1993,NYN,162,59,103,0,0.364,672,744,-72,28
MLB,1994,MON,114,74,40,0,0.649,585,454,131,1
MLB,1994,NYA,113,70,43,0,0.619,670,534,136,2
MLB,1994,ATL,114,68,46,0,0.596,542,448,94,3
MLB,1994,CHA,113,67,46,0,0.593,633,498,135,4
MLB,1994,CLE,113,66,47,0,0.584,679,562,117,5
MLB,1994,CIN,115,66,48,1,0.578,609,490,119,6
MLB,1994,HOU,115,66,49,0,0.574,602,503,99,7
MLB,1994,BAL,112,63,49,0,0.562,589,497,92,8
MLB,1994,KCA,115,64,51,0,0.557,574,532,42,9
MLB,1994,LAN,114,58,56,0,0.509,532,509,23,10
MLB,1994,NYN,113,55,58,0,0.487,506,526,-20,11
MLB,1994,SFN,115,55,60,0,0.478,504,500,4,12
MLB,1994,TOR,115,55,60,0,0.478,566,579,-13,13
MLB,1994,PHI,115,54,61,0,0.47,521,497,24,14
MLB,1994,BOS,115,54,61,0,0.47,552,621,-69,15
MLB,1994,MIN,113,53,60,0,0.469,594,688,-94,16
MLB,1994,SLN,115,53,61,1,0.465,535,621,-86,17
MLB,1994,PIT,114,53,61,0,0.465,466,580,-114,18
MLB,1994,DET,115,53,62,0,0.461,652,671,-19,19
MLB,1994,MIL,115,53,62,0,0.461,547,586,-39,20
MLB,1994,TEX,114,52,62,0,0.456,613,697,-84,21
MLB,1994,COL,117,53,64,0,0.453,573,638,-65,22
MLB,1994,OAK,114,51,63,0,0.447,549,589,-40,23
MLB,1994,FLO,115,51,64,0,0.443,468,576,-108,24
MLB,1994,SEA,112,49,63,0,0.438,569,616,-47,25
MLB,1994,CHN,113,49,64,0,0.434,500,549,-49,26
MLB,1994,CAL,115,47,68,0,0.409,543,660,-117,27
MLB,1994,SDN,117,47,70,0,0.402,479,531,-52,28
MLB,1995,CLE,144,100,44,0,0.694,840,607,233,1
MLB,1995,ATL,144,90,54,0,0.625,645,540,105,2
MLB,1995,BOS,144,86,58,0,0.597,791,698,93,3
MLB,1995,CIN,144,85,59,0,0.59,747,623,124,4
MLB,1995,NYA,145,79,65,1,0.548,749,688,61,5
MLB,1995,SEA,145,79,66,0,0.545,796,708,88,6
MLB,1995,LAN,144,78,66,0,0.542,634,609,25,7
MLB,1995,CAL,145,78,67,0,0.538,801,697,104,8
MLB,1995,COL,144,77,67,0,0.535,785,783,2,9
MLB,1995,HOU,144,76,68,0,0.528,747,674,73,10
MLB,1995,TEX,144,74,70,0,0.514,691,720,-29,11
MLB,1995,CHN,144,73,71,0,0.507,693,671,22,12
MLB,1995,BAL,144,71,73,0,0.493,704,640,64,13
MLB,1995,SDN,144,70,74,0,0.486,668,672,-4,14
MLB,1995,KCA,144,70,74,0,0.486,629,691,-62,15
MLB,1995,NYN,144,69,75,0,0.479,657,618,39,16
MLB,1995,PHI,144,69,75,0,0.479,615,658,-43,17
MLB,1995,CHA,145,68,76,1,0.472,755,758,-3,18
MLB,1995,FLO,143,67,76,0,0.469,673,673,0,19
MLB,1995,OAK,144,67,77,0,0.465,730,761,-31,20
MLB,1995,SFN,144,67,77,0,0.465,652,776,-124,21
MLB,1995,MON,144,66,78,0,0.458,621,638,-17,22
MLB,1995,MIL,144,65,79,0,0.451,740,747,-7,23
MLB,1995,SLN,143,62,81,0,0.434,563,658,-95,24
MLB,1995,DET,144,60,84,0,0.417,654,844,-190,25
MLB,1995,PIT,144,58,86,0,0.403,629,736,-107,26
MLB,1995,TOR,144,56,88,0,0.389,642,777,-135,27
MLB,1995,MIN,144,56,88,0,0.389,703,889,-186,28
MLB,1996,CLE,161,99,62,0,0.615,952,769,183,1
MLB,1996,ATL,162,96,66,0,0.593,773,648,125,2
MLB,1996,NYA,162,92,70,0,0.568,871,787,84,3
MLB,1996,SDN,162,91,71,0,0.562,771,682,89,4
MLB,1996,LAN,162,90,72,0,0.556,703,652,51,5
MLB,1996,TEX,163,90,72,1,0.555,928,799,129,6
MLB,1996,MON,162,88,74,0,0.543,741,668,73,7
MLB,1996,SLN,162,88,74,0,0.543,759,706,53,8
MLB,1996,BAL,163,88,74,1,0.543,949,903,46,9
MLB,1996,SEA,161,85,76,0,0.528,993,895,98,10
MLB,1996,CHA,162,85,77,0,0.525,898,794,104,11
MLB,1996,BOS,162,85,77,0,0.525,928,921,7,12
MLB,1996,COL,162,83,79,0,0.512,961,964,-3,13
MLB,1996,HOU,162,82,80,0,0.506,753,792,-39,14
MLB,1996,CIN,162,81,81,0,0.5,778,773,5,15
MLB,1996,MIL,162,80,82,0,0.494,894,899,-5,16
MLB,1996,FLO,162,80,82,0,0.494,688,703,-15,17
MLB,1996,MIN,162,78,84,0,0.481,877,900,-23,18
MLB,1996,OAK,162,78,84,0,0.481,861,900,-39,19
MLB,1996,CHN,162,76,86,0,0.469,772,771,1,20
MLB,1996,KCA,161,75,86,0,0.466,746,786,-40,21
MLB,1996,TOR,162,74,88,0,0.457,766,809,-43,22
MLB,1996,PIT,162,73,89,0,0.451,776,833,-57,23
MLB,1996,NYN,162,71,91,0,0.438,746,779,-33,24
MLB,1996,CAL,161,70,91,0,0.435,762,943,-181,25
MLB,1996,SFN,162,68,94,0,0.42,752,862,-110,26
MLB,1996,PHI,162,67,95,0,0.414,650,790,-140,27
MLB,1996,DET,162,53,109,0,0.327,783,1103,-320,28
MLB,1997,ATL,162,101,61,0,0.623,791,581,210,1
MLB,1997,BAL,162,98,64,0,0.605,812,681,131,2
MLB,1997,NYA,162,96,66,0,0.593,891,688,203,3
MLB,1997,FLO,162,92,70,0,0.568,740,669,71,4
MLB,1997,SEA,162,90,72,0,0.556,925,833,92,5
MLB,1997,SFN,162,90,72,0,0.556,784,793,-9,6
MLB,1997,LAN,162,88,74,0,0.543,742,645,97,7
MLB,1997,NYN,162,88,74,0,0.543,777,709,68,8
MLB,1997,CLE,161,86,75,0,0.534,868,815,53,9
MLB,1997,HOU,162,84,78,0,0.519,777,660,117,10
MLB,1997,ANA,162,84,78,0,0.519,829,794,35,11
MLB,1997,COL,162,83,79,0,0.512,923,908,15,12
MLB,1997,CHA,161,80,81,0,0.497,779,833,-54,13
MLB,1997,DET,162,79,83,0,0.488,784,790,-6,14
MLB,1997,PIT,162,79,83,0,0.488,725,760,-35,15
MLB,1997,MIL,161,78,83,0,0.484,681,742,-61,16
MLB,1997,BOS,162,78,84,0,0.481,851,857,-6,17
MLB,1997,MON,162,78,84,0,0.481,691,740,-49,18
MLB,1997,TEX,162,77,85,0,0.475,807,823,-16,19
MLB,1997,TOR,162,76,86,0,0.469,654,694,-40,20
MLB,1997,SDN,162,76,86,0,0.469,795,891,-96,21
MLB,1997,CIN,162,76,86,0,0.469,651,764,-113,22
MLB,1997,SLN,162,73,89,0,0.451,689,708,-19,23
MLB,1997,CHN,162,68,94,0,0.42,687,759,-72,24
MLB,1997,MIN,162,68,94,0,0.42,772,861,-89,25
MLB,1997,PHI,162,68,94,0,0.42,668,840,-172,26
MLB,1997,KCA,161,67,94,0,0.416,747,820,-73,27
MLB,1997,OAK,162,65,97,0,0.401,764,946,-182,28
MLB,1998,NYA,162,114,48,0,0.704,965,656,309,1
MLB,1998,ATL,162,106,56,0,0.654,826,581,245,2
MLB,1998,HOU,162,102,60,0,0.63,874,620,254,3
MLB,1998,SDN,162,98,64,0,0.605,749,635,114,4
MLB,1998,BOS,162,92,70,0,0.568,876,729,147,5
MLB,1998,CHN,163,90,73,0,0.552,831,792,39,6
MLB,1998,CLE,162,89,73,0,0.549,850,779,71,7
MLB,1998,SFN,163,89,74,0,0.546,845,739,106,8
MLB,1998,TEX,162,88,74,0,0.543,940,871,69,9
MLB,1998,NYN,162,88,74,0,0.543,706,645,61,10
MLB,1998,TOR,163,88,74,1,0.543,816,768,48,11
MLB,1998,ANA,162,85,77,0,0.525,787,783,4,12
MLB,1998,SLN,163,83,79,1,0.512,810,782,28,13
MLB,1998,LAN,162,83,79,0,0.512,669,678,-9,14
MLB,1998,CHA,163,80,82,1,0.494,861,931,-70,15
MLB,1998,BAL,162,79,83,0,0.488,817,785,32,16
MLB,1998,CIN,162,77,85,0,0.475,750,760,-10,17
MLB,1998,COL,162,77,85,0,0.475,826,855,-29,18
MLB,1998,SEA,161,76,85,0,0.472,859,855,4,19
MLB,1998,PHI,162,75,87,0,0.463,713,808,-95,20
MLB,1998,OAK,162,74,88,0,0.457,804,866,-62,21
MLB,1998,MIL,162,74,88,0,0.457,707,812,-105,22
MLB,1998,KCA,161,72,89,0,0.447,714,899,-185,23
MLB,1998,MIN,162,70,92,0,0.432,734,818,-84,24
MLB,1998,PIT,163,69,93,1,0.426,650,718,-68,25
MLB,1998,MON,162,65,97,0,0.401,644,783,-139,26
MLB,1998,DET,162,65,97,0,0.401,722,863,-141,27
MLB,1998,ARI,162,65,97,0,0.401,665,812,-147,28
MLB,1998,TBA,162,63,99,0,0.389,620,751,-131,29
MLB,1998,FLO,162,54,108,0,0.333,667,923,-256,30
MLB,1999,ATL,162,103,59,0,0.636,840,661,179,1
MLB,1999,ARI,162,100,62,0,0.617,908,676,232,2
MLB,1999,NYA,162,98,64,0,0.605,900,731,169,3
MLB,1999,CLE,162,97,65,0,0.599,1009,860,149,4
MLB,1999,HOU,162,97,65,0,0.599,823,675,148,5
MLB,1999,NYN,163,97,66,0,0.595,853,711,142,6
MLB,1999,CIN,163,96,67,0,0.589,865,711,154,7
MLB,1999,TEX,162,95,67,0,0.586,945,859,86,8
MLB,1999,BOS,162,94,68,0,0.58,836,718,118,9
MLB,1999,OAK,162,87,75,0,0.537,893,846,47,10
MLB,1999,SFN,162,86,76,0,0.531,872,831,41,11
MLB,1999,TOR,162,84,78,0,0.519,883,862,21,12
MLB,1999,SEA,162,79,83,0,0.488,859,905,-46,13
MLB,1999,PIT,161,78,83,0,0.484,775,782,-7,14
MLB,1999,BAL,162,78,84,0,0.481,851,815,36,15
MLB,1999,LAN,162,77,85,0,0.475,793,787,6,16
MLB,1999,PHI,162,77,85,0,0.475,841,846,-5,17
MLB,1999,SLN,161,75,86,0,0.466,809,838,-29,18
MLB,1999,CHA,162,75,86,1,0.466,777,870,-93,19
MLB,1999,MIL,161,74,87,0,0.46,815,886,-71,20
MLB,1999,SDN,162,74,88,0,0.457,710,781,-71,21
MLB,1999,COL,162,72,90,0,0.444,906,1028,-122,22
MLB,1999,ANA,162,70,92,0,0.432,711,826,-115,23
MLB,1999,DET,161,69,92,0,0.429,747,882,-135,24
MLB,1999,TBA,162,69,93,0,0.426,772,913,-141,25
MLB,1999,MON,162,68,94,0,0.42,718,853,-135,26
MLB,1999,CHN,162,67,95,0,0.414,747,920,-173,27
MLB,1999,KCA,161,64,97,0,0.398,856,921,-65,28
MLB,1999,FLO,162,64,98,0,0.395,691,852,-161,29
MLB,1999,MIN,161,63,97,1,0.394,686,845,-159,30
MLB,2000,SFN,162,97,65,0,0.599,925,747,178,1
MLB,2000,CHA,162,95,67,0,0.586,978,839,139,2
MLB,2000,SLN,162,95,67,0,0.586,887,771,116,3
MLB,2000,ATL,162,95,67,0,0.586,810,714,96,4
MLB,2000,NYN,162,94,68,0,0.58,807,738,69,5
MLB,2000,OAK,161,91,70,0,0.565,947,813,134,6
MLB,2000,SEA,162,91,71,0,0.562,907,780,127,7
MLB,2000,CLE,162,90,72,0,0.556,950,816,134,8
MLB,2000,NYA,161,87,74,0,0.54,871,814,57,9
MLB,2000,LAN,162,86,76,0,0.531,798,729,69,10
MLB,2000,CIN,163,85,77,1,0.525,825,765,60,11
MLB,2000,BOS,162,85,77,0,0.525,792,745,47,12
MLB,2000,ARI,162,85,77,0,0.525,792,754,38,13
MLB,2000,TOR,162,83,79,0,0.512,861,908,-47,14
MLB,2000,COL,162,82,80,0,0.506,968,897,71,15
MLB,2000,ANA,162,82,80,0,0.506,864,869,-5,16
MLB,2000,FLO,161,79,82,0,0.491,731,797,-66,17
MLB,2000,DET,162,79,83,0,0.488,823,827,-4,18
MLB,2000,KCA,162,77,85,0,0.475,879,930,-51,19
MLB,2000,SDN,162,76,86,0,0.469,752,815,-63,20
MLB,2000,BAL,162,74,88,0,0.457,794,913,-119,21
MLB,2000,MIL,163,73,89,1,0.451,740,826,-86,22
MLB,2000,HOU,162,72,90,0,0.444,938,944,-6,23
MLB,2000,TEX,162,71,91,0,0.438,848,974,-126,24
MLB,2000,TBA,161,69,92,0,0.429,733,842,-109,25
MLB,2000,PIT,162,69,93,0,0.426,793,888,-95,26
MLB,2000,MIN,162,69,93,0,0.426,748,880,-132,27
MLB,2000,MON,162,67,95,0,0.414,738,902,-164,28
MLB,2000,PHI,162,65,97,0,0.401,708,830,-122,29
MLB,2000,CHN,162,65,97,0,0.401,764,904,-140,30
MLB,2001,SEA,162,116,46,0,0.716,927,627,300,1
MLB,2001,OAK,162,102,60,0,0.63,884,645,239,2
MLB,2001,NYA,161,95,65,1,0.593,804,713,91,3
MLB,2001,SLN,162,93,69,0,0.574,814,684,130,4
MLB,2001,HOU,162,93,69,0,0.574,847,769,78,5
MLB,2001,ARI,162,92,70,0,0.568,818,677,141,6
MLB,2001,CLE,162,91,71,0,0.562,897,821,76,7
MLB,2001,SFN,162,90,72,0,0.556,799,748,51,8
MLB,2001,ATL,162,88,74,0,0.543,729,643,86,9
MLB,2001,CHN,162,88,74,0,0.543,777,701,76,10
MLB,2001,PHI,162,86,76,0,0.531,746,719,27,11
MLB,2001,LAN,162,86,76,0,0.531,758,744,14,12
MLB,2001,MIN,162,85,77,0,0.525,771,766,5,13
MLB,2001,CHA,162,83,79,0,0.512,798,795,3,14
MLB,2001,BOS,161,82,79,0,0.509,772,745,27,15
MLB,2001,NYN,162,82,80,0,0.506,642,713,-71,16
MLB,2001,TOR,162,80,82,0,0.494,767,753,14,17
MLB,2001,SDN,162,79,83,0,0.488,789,812,-23,18
MLB,2001,FLO,162,76,86,0,0.469,742,744,-2,19
MLB,2001,ANA,162,75,87,0,0.463,691,730,-39,20
MLB,2001,COL,162,73,89,0,0.451,923,906,17,21
MLB,2001,TEX,162,73,89,0,0.451,890,968,-78,22
MLB,2001,MIL,162,68,94,0,0.42,740,806,-66,23
MLB,2001,MON,162,68,94,0,0.42,670,812,-142,24
MLB,2001,CIN,162,66,96,0,0.407,735,850,-115,25
MLB,2001,DET,162,66,96,0,0.407,724,876,-152,26
MLB,2001,KCA,162,65,97,0,0.401,729,858,-129,27
MLB,2001,BAL,162,63,98,1,0.392,687,829,-142,28
MLB,2001,PIT,162,62,100,0,0.383,657,858,-201,29
MLB,2001,TBA,162,62,100,0,0.383,672,887,-215,30
MLB,2002,NYA,161,103,58,0,0.64,897,697,200,1
MLB,2002,OAK,162,103,59,0,0.636,800,654,146,2
MLB,2002,ATL,161,101,59,1,0.63,708,565,143,3
MLB,2002,ANA,162,99,63,0,0.611,851,644,207,4
MLB,2002,ARI,162,98,64,0,0.605,819,674,145,5
MLB,2002,SLN,162,97,65,0,0.599,787,648,139,6
MLB,2002,SFN,162,95,66,1,0.59,783,616,167,7
MLB,2002,MIN,161,94,67,0,0.584,768,712,56,8
MLB,2002,BOS,162,93,69,0,0.574,859,665,194,9
MLB,2002,SEA,162,93,69,0,0.574,814,699,115,10
MLB,2002,LAN,162,92,70,0,0.568,713,643,70,11
MLB,2002,HOU,162,84,78,0,0.519,749,695,54,12
MLB,2002,MON,162,83,79,0,0.512,735,718,17,13
MLB,2002,CHA,162,81,81,0,0.5,856,798,58,14
MLB,2002,PHI,161,80,81,0,0.497,710,724,-14,15
MLB,2002,FLO,162,79,83,0,0.488,699,763,-64,16
MLB,2002,TOR,162,78,84,0,0.481,813,828,-15,17
MLB,2002,CIN,162,78,84,0,0.481,709,774,-65,18
MLB,2002,NYN,161,75,86,0,0.466,690,703,-13,19
MLB,2002,CLE,162,74,88,0,0.457,739,837,-98,20
MLB,2002,COL,162,73,89,0,0.451,778,898,-120,21
MLB,2002,PIT,161,72,89,0,0.447,641,730,-89,22
MLB,2002,TEX,162,72,90,0,0.444,843,882,-39,23
MLB,2002,CHN,162,67,95,0,0.414,706,759,-53,24
MLB,2002,BAL,162,67,95,0,0.414,667,773,-106,25
MLB,2002,SDN,162,66,96,0,0.407,662,815,-153,26
MLB,2002,KCA,162,62,100,0,0.383,737,891,-154,27
MLB,2002,MIL,162,56,106,0,0.346,627,821,-194,28
MLB,2002,TBA,161,55,106,0,0.342,673,918,-245,29
MLB,2002,DET,161,55,106,0,0.342,575,864,-289,30
MLB,2003,ATL,162,101,61,0,0.623,907,740,167,1
MLB,2003,NYA,163,101,61,1,0.623,877,716,161,2
MLB,2003,SFN,161,100,61,0,0.621,755,638,117,3
MLB,2003,OAK,162,96,66,0,0.593,768,643,125,4
MLB,2003,BOS,162,95,67,0,0.586,961,809,152,5
MLB,2003,SEA,162,93,69,0,0.574,795,637,158,6
MLB,2003,FLO,162,91,71,0,0.562,751,692,59,7
MLB,2003,MIN,162,90,72,0,0.556,801,758,43,8
MLB,2003,CHN,162,88,74,0,0.543,724,683,41,9
MLB,2003,HOU,162,87,75,0,0.537,805,677,128,10
MLB,2003,PHI,162,86,76,0,0.531,791,697,94,11
MLB,2003,CHA,162,86,76,0,0.531,791,715,76,12
MLB,2003,TOR,162,86,76,0,0.531,894,826,68,13
MLB,2003,SLN,162,85,77,0,0.525,876,796,80,14
MLB,2003,LAN,162,85,77,0,0.525,574,556,18,15
MLB,2003,ARI,162,84,78,0,0.519,717,685,32,16
MLB,2003,MON,162,83,79,0,0.512,711,716,-5,17
MLB,2003,KCA,162,83,79,0,0.512,836,867,-31,18
MLB,2003,ANA,162,77,85,0,0.475,736,743,-7,19
MLB,2003,PIT,162,75,87,0,0.463,753,801,-48,20
MLB,2003,COL,162,74,88,0,0.457,853,892,-39,21
MLB,2003,BAL,163,71,91,1,0.439,743,820,-77,22
MLB,2003,TEX,162,71,91,0,0.438,826,969,-143,23
MLB,2003,CIN,162,69,93,0,0.426,694,886,-192,24
MLB,2003,CLE,162,68,94,0,0.42,699,778,-79,25
MLB,2003,MIL,162,68,94,0,0.42,714,873,-159,26
MLB,2003,NYN,161,66,95,0,0.41,642,754,-112,27
MLB,2003,SDN,162,64,98,0,0.395,678,831,-153,28
MLB,2003,TBA,162,63,99,0,0.389,715,852,-137,29
MLB,2003,DET,162,43,119,0,0.265,591,928,-337,30
MLB,2004,SLN,162,105,57,0,0.648,855,659,196,1
MLB,2004,NYA,162,101,61,0,0.623,897,808,89,2
MLB,2004,BOS,162,98,64,0,0.605,949,768,181,3
MLB,2004,ATL,162,96,66,0,0.593,803,668,135,4
MLB,2004,LAN,162,93,69,0,0.574,761,684,77,5
MLB,2004,HOU,162,92,70,0,0.568,803,698,105,6
MLB,2004,ANA,162,92,70,0,0.568,836,734,102,7
MLB,2004,MIN,162,92,70,0,0.568,780,715,65,8
MLB,2004,SFN,162,91,71,0,0.562,850,770,80,9
MLB,2004,OAK,162,91,71,0,0.562,793,742,51,10
MLB,2004,CHN,162,89,73,0,0.549,789,665,124,11
MLB,2004,TEX,162,89,73,0,0.549,860,794,66,12
MLB,2004,SDN,162,87,75,0,0.537,768,705,63,13
MLB,2004,PHI,162,86,76,0,0.531,840,781,59,14
MLB,2004,CHA,162,83,79,0,0.512,865,831,34,15
MLB,2004,FLO,162,83,79,0,0.512,718,700,18,16
MLB,2004,CLE,162,80,82,0,0.494,858,857,1,17
MLB,2004,BAL,162,78,84,0,0.481,842,830,12,18
MLB,2004,CIN,162,76,86,0,0.469,750,907,-157,19
MLB,2004,PIT,161,72,89,0,0.447,680,744,-64,20
MLB,2004,DET,162,72,90,0,0.444,827,844,-17,21
MLB,2004,NYN,162,71,91,0,0.438,684,731,-47,22
MLB,2004,TBA,161,70,91,0,0.435,714,842,-128,23
MLB,2004,COL,162,68,94,0,0.42,833,923,-90,24
MLB,2004,TOR,161,67,94,0,0.416,719,823,-104,25
MLB,2004,MIL,161,67,94,0,0.416,634,757,-123,26
MLB,2004,MON,162,67,95,0,0.414,635,769,-134,27
MLB,2004,SEA,162,63,99,0,0.389,698,823,-125,28
MLB,2004,KCA,162,58,104,0,0.358,720,905,-185,29
MLB,2004,ARI,162,51,111,0,0.315,615,899,-284,30
MLB,2005,SLN,162,100,62,0,0.617,805,634,171,1
MLB,2005,CHA,162,99,63,0,0.611,741,645,96,2
MLB,2005,ANA,162,95,67,0,0.586,761,643,118,3
MLB,2005,BOS,162,95,67,0,0.586,910,805,105,4
MLB,2005,NYA,162,95,67,0,0.586,886,789,97,5
MLB,2005,CLE,162,93,69,0,0.574,790,642,148,6
MLB,2005,ATL,162,90,72,0,0.556,769,674,95,7
MLB,2005,HOU,163,89,73,1,0.549,693,609,84,8
MLB,2005,OAK,162,88,74,0,0.543,772,658,114,9
MLB,2005,PHI,162,88,74,0,0.543,807,726,81,10
MLB,2005,NYN,162,83,79,0,0.512,722,648,74,11
MLB,2005,MIN,162,83,79,0,0.512,688,662,26,12
MLB,2005,FLO,162,83,79,0,0.512,717,732,-15,13
MLB,2005,SDN,162,82,80,0,0.506,684,726,-42,14
MLB,2005,MIL,162,81,81,0,0.5,726,697,29,15
MLB,2005,WAS,162,81,81,0,0.5,639,673,-34,16
MLB,2005,TOR,162,80,82,0,0.494,775,705,70,17
MLB,2005,TEX,162,79,83,0,0.488,865,858,7,18
MLB,2005,CHN,162,79,83,0,0.488,703,714,-11,19
MLB,2005,ARI,162,77,85,0,0.475,696,856,-160,20
MLB,2005,SFN,162,75,87,0,0.463,649,745,-96,21
MLB,2005,BAL,162,74,88,0,0.457,729,800,-71,22
MLB,2005,CIN,163,73,89,1,0.451,820,889,-69,23
MLB,2005,DET,162,71,91,0,0.438,723,787,-64,24
MLB,2005,LAN,162,71,91,0,0.438,685,755,-70,25
MLB,2005,SEA,162,69,93,0,0.426,699,751,-52,26
MLB,2005,PIT,162,67,95,0,0.414,680,769,-89,27
MLB,2005,COL,162,67,95,0,0.414,740,862,-122,28
MLB,2005,TBA,162,67,95,0,0.414,750,936,-186,29
MLB,2005,KCA,162,56,106,0,0.346,701,935,-234,30
MLB,2006,NYA,162,97,65,0,0.599,930,767,163,1
MLB,2006,NYN,162,97,65,0,0.599,834,731,103,2
MLB,2006,MIN,162,96,66,0,0.593,801,683,118,3
MLB,2006,DET,162,95,67,0,0.586,822,675,147,4
MLB,2006,OAK,162,93,69,0,0.574,771,727,44,5
MLB,2006,CHA,162,90,72,0,0.556,868,794,74,6
MLB,2006,ANA,162,89,73,0,0.549,766,732,34,7
MLB,2006,LAN,162,88,74,0,0.543,820,751,69,8
MLB,2006,SDN,162,88,74,0,0.543,731,679,52,9
MLB,2006,TOR,162,87,75,0,0.537,809,754,55,10
MLB,2006,BOS,162,86,76,0,0.531,820,825,-5,11
MLB,2006,PHI,162,85,77,0,0.525,865,812,53,12
MLB,2006,SLN,161,83,78,0,0.516,781,762,19,13
MLB,2006,HOU,162,82,80,0,0.506,735,719,16,14
MLB,2006,TEX,162,80,82,0,0.494,835,784,51,15
MLB,2006,CIN,162,80,82,0,0.494,749,801,-52,16
MLB,2006,ATL,162,79,83,0,0.488,849,805,44,17
MLB,2006,CLE,162,78,84,0,0.481,870,782,88,18
MLB,2006,FLO,162,78,84,0,0.481,758,772,-14,19
MLB,2006,SEA,162,78,84,0,0.481,756,792,-36,20
MLB,2006,SFN,161,76,85,0,0.472,746,790,-44,21
MLB,2006,COL,162,76,86,0,0.469,813,812,1,22
MLB,2006,ARI,162,76,86,0,0.469,773,788,-15,23
MLB,2006,MIL,162,75,87,0,0.463,730,833,-103,24
MLB,2006,WAS,162,71,91,0,0.438,746,872,-126,25
MLB,2006,BAL,162,70,92,0,0.432,768,899,-131,26
MLB,2006,PIT,162,67,95,0,0.414,691,797,-106,27
MLB,2006,CHN,162,66,96,0,0.407,716,834,-118,28
MLB,2006,KCA,162,62,100,0,0.383,757,971,-214,29
MLB,2006,TBA,162,61,101,0,0.377,689,856,-167,30
MLB,2007,BOS,162,96,66,0,0.593,867,657,210,1
MLB,2007,CLE,162,96,66,0,0.593,811,704,107,2
MLB,2007,NYA,162,94,68,0,0.58,968,777,191,3
MLB,2007,ANA,162,94,68,0,0.58,822,731,91,4
MLB,2007,ARI,162,90,72,0,0.556,712,732,-20,5
MLB,2007,COL,163,90,73,0,0.552,860,758,102,6
MLB,2007,PHI,162,89,73,0,0.549,892,821,71,7
MLB,2007,SDN,163,89,74,0,0.546,741,666,75,8
MLB,2007,DET,162,88,74,0,0.543,887,797,90,9
MLB,2007,NYN,162,88,74,0,0.543,804,750,54,10
MLB,2007,SEA,162,88,74,0,0.543,794,813,-19,11
MLB,2007,CHN,162,85,77,0,0.525,752,690,62,12
MLB,2007,ATL,162,84,78,0,0.519,810,733,77,13
MLB,2007,TOR,162,83,79,0,0.512,753,699,54,14
MLB,2007,MIL,162,83,79,0,0.512,801,776,25,15
MLB,2007,LAN,162,82,80,0,0.506,735,727,8,16
MLB,2007,MIN,162,79,83,0,0.488,718,725,-7,17
MLB,2007,SLN,162,78,84,0,0.481,725,829,-104,18
MLB,2007,OAK,162,76,86,0,0.469,741,758,-17,19
MLB,2007,TEX,162,75,87,0,0.463,816,844,-28,20
MLB,2007,HOU,162,73,89,0,0.451,723,813,-90,21
MLB,2007,WAS,162,73,89,0,0.451,673,783,-110,22
MLB,2007,CIN,162,72,90,0,0.444,783,853,-70,23
MLB,2007,CHA,162,72,90,0,0.444,693,839,-146,24
MLB,2007,SFN,162,71,91,0,0.438,683,720,-37,25
MLB,2007,FLO,162,71,91,0,0.438,790,891,-101,26
MLB,2007,KCA,162,69,93,0,0.426,706,778,-72,27
MLB,2007,BAL,162,69,93,0,0.426,756,868,-112,28
MLB,2007,PIT,162,68,94,0,0.42,724,846,-122,29
MLB,2007,TBA,162,66,96,0,0.407,782,944,-162,30
MLB,2008,ANA,162,100,62,0,0.617,765,697,68,1
MLB,2008,CHN,161,97,64,0,0.602,855,671,184,2
MLB,2008,TBA,162,97,65,0,0.599,774,671,103,3
MLB,2008,BOS,162,95,67,0,0.586,845,694,151,4
MLB,2008,PHI,162,92,70,0,0.568,799,680,119,5
MLB,2008,MIL,162,90,72,0,0.556,750,689,61,6
MLB,2008,NYN,162,89,73,0,0.549,799,715,84,7
MLB,2008,NYA,162,89,73,0,0.549,789,727,62,8
MLB,2008,CHA,163,89,74,0,0.546,811,729,82,9
MLB,2008,MIN,163,88,75,0,0.54,829,745,84,10
MLB,2008,HOU,161,86,75,0,0.534,712,743,-31,11
MLB,2008,TOR,162,86,76,0,0.531,714,610,104,12
MLB,2008,SLN,162,86,76,0,0.531,779,725,54,13
MLB,2008,FLO,161,84,77,0,0.522,770,767,3,14
MLB,2008,LAN,162,84,78,0,0.519,700,648,52,15
MLB,2008,ARI,162,82,80,0,0.506,720,706,14,16
MLB,2008,CLE,162,81,81,0,0.5,805,761,44,17
MLB,2008,TEX,162,79,83,0,0.488,901,967,-66,18
MLB,2008,OAK,161,75,86,0,0.466,646,690,-44,19
MLB,2008,KCA,162,75,87,0,0.463,691,781,-90,20
MLB,2008,DET,162,74,88,0,0.457,821,857,-36,21
MLB,2008,COL,162,74,88,0,0.457,747,822,-75,22
MLB,2008,CIN,162,74,88,0,0.457,704,800,-96,23
MLB,2008,ATL,162,72,90,0,0.444,753,778,-25,24
MLB,2008,SFN,162,72,90,0,0.444,640,759,-119,25
MLB,2008,BAL,161,68,93,0,0.422,782,869,-87,26
MLB,2008,PIT,162,67,95,0,0.414,735,884,-149,27
MLB,2008,SDN,162,63,99,0,0.389,637,764,-127,28
MLB,2008,SEA,162,61,101,0,0.377,671,811,-140,29
MLB,2008,WAS,161,59,102,0,0.366,641,825,-184,30
MLB,2009,NYA,162,103,59,0,0.636,915,753,162,1
MLB,2009,ANA,162,97,65,0,0.599,883,761,122,2
MLB,2009,LAN,162,95,67,0,0.586,780,611,169,3
MLB,2009,BOS,162,95,67,0,0.586,872,736,136,4
MLB,2009,PHI,162,93,69,0,0.574,820,709,111,5
MLB,2009,COL,162,92,70,0,0.568,804,715,89,6
MLB,2009,SLN,162,91,71,0,0.562,730,640,90,7
MLB,2009,SFN,162,88,74,0,0.543,657,611,46,8
MLB,2009,TEX,162,87,75,0,0.537,784,740,44,9
MLB,2009,FLO,162,87,75,0,0.537,772,766,6,10
MLB,2009,MIN,163,87,76,0,0.534,817,765,52,11
MLB,2009,ATL,162,86,76,0,0.531,735,641,94,12
MLB,2009,DET,163,86,77,0,0.528,743,745,-2,13
MLB,2009,SEA,162,85,77,0,0.525,640,692,-52,14
MLB,2009,TBA,162,84,78,0,0.519,803,754,49,15
MLB,2009,CHN,161,83,78,0,0.516,707,672,35,16
MLB,2009,MIL,162,80,82,0,0.494,785,818,-33,17
MLB,2009,CHA,162,79,83,0,0.488,724,732,-8,18
MLB,2009,CIN,162,78,84,0,0.481,673,723,-50,19
MLB,2009,TOR,162,75,87,0,0.463,798,771,27,20
MLB,2009,OAK,162,75,87,0,0.463,759,761,-2,21
MLB,2009,SDN,162,75,87,0,0.463,638,769,-131,22
MLB,2009,HOU,162,74,88,0,0.457,643,770,-127,23
MLB,2009,ARI,162,70,92,0,0.432,720,782,-62,24
MLB,2009,NYN,162,70,92,0,0.432,671,757,-86,25
MLB,2009,CLE,162,65,97,0,0.401,773,865,-92,26
MLB,2009,KCA,162,65,97,0,0.401,686,842,-156,27
MLB,2009,BAL,162,64,98,0,0.395,741,876,-135,28
MLB,2009,PIT,161,62,99,0,0.385,636,768,-132,29
MLB,2009,WAS,162,59,103,0,0.364,710,874,-164,30
MLB,2010,PHI,162,97,65,0,0.599,772,640,132,1
MLB,2010,TBA,162,96,66,0,0.593,802,649,153,2
MLB,2010,NYA,162,95,67,0,0.586,859,693,166,3
MLB,2010,MIN,162,94,68,0,0.58,781,671,110,4
MLB,2010,SFN,162,92,70,0,0.568,697,583,114,5
MLB,2010,ATL,162,91,71,0,0.562,738,629,109,6
MLB,2010,CIN,162,91,71,0,0.562,790,685,105,7
MLB,2010,TEX,162,90,72,0,0.556,787,687,100,8
MLB,2010,SDN,162,90,72,0,0.556,665,581,84,9
MLB,2010,BOS,162,89,73,0,0.549,818,744,74,10
MLB,2010,CHA,162,88,74,0,0.543,752,704,48,11
MLB,2010,SLN,162,86,76,0,0.531,736,641,95,12
MLB,2010,TOR,162,85,77,0,0.525,755,728,27,13
MLB,2010,COL,162,83,79,0,0.512,770,717,53,14
MLB,2010,OAK,162,81,81,0,0.5,663,626,37,15
MLB,2010,DET,162,81,81,0,0.5,751,743,8,16
MLB,2010,FLO,162,80,82,0,0.494,719,717,2,17
MLB,2010,ANA,162,80,82,0,0.494,681,702,-21,18
MLB,2010,LAN,162,80,82,0,0.494,667,692,-25,19
MLB,2010,NYN,162,79,83,0,0.488,656,652,4,20
MLB,2010,MIL,162,77,85,0,0.475,750,804,-54,21
MLB,2010,HOU,162,76,86,0,0.469,611,729,-118,22
MLB,2010,CHN,162,75,87,0,0.463,685,767,-82,23
MLB,2010,WAS,162,69,93,0,0.426,655,742,-87,24
MLB,2010,CLE,162,69,93,0,0.426,646,752,-106,25
MLB,2010,KCA,162,67,95,0,0.414,676,845,-169,26
MLB,2010,BAL,162,66,96,0,0.407,613,785,-172,27
MLB,2010,ARI,162,65,97,0,0.401,713,836,-123,28
MLB,2010,SEA,162,61,101,0,0.377,513,698,-185,29
MLB,2010,PIT,162,57,105,0,0.352,587,866,-279,30
MLB,2011,PHI,162,102,60,0,0.63,713,529,184,1
MLB,2011,NYA,162,97,65,0,0.599,867,657,210,2
MLB,2011,TEX,162,96,66,0,0.593,855,677,178,3
MLB,2011,MIL,162,96,66,0,0.593,721,638,83,4
MLB,2011,DET,162,95,67,0,0.586,787,711,76,5
MLB,2011,ARI,162,94,68,0,0.58,731,662,69,6
MLB,2011,TBA,162,91,71,0,0.562,707,614,93,7
MLB,2011,BOS,162,90,72,0,0.556,875,737,138,8
MLB,2011,SLN,162,90,72,0,0.556,762,692,70,9
MLB,2011,ATL,162,89,73,0,0.549,641,605,36,10
MLB,2011,ANA,162,86,76,0,0.531,667,633,34,11
MLB,2011,SFN,162,86,76,0,0.531,570,578,-8,12
MLB,2011,LAN,161,82,79,0,0.509,644,612,32,13
MLB,2011,TOR,162,81,81,0,0.5,743,761,-18,14
MLB,2011,WAS,161,80,81,0,0.497,624,643,-19,15
MLB,2011,CLE,162,80,82,0,0.494,704,760,-56,16
MLB,2011,CIN,162,79,83,0,0.488,735,720,15,17
MLB,2011,CHA,162,79,83,0,0.488,654,706,-52,18
MLB,2011,NYN,162,77,85,0,0.475,718,742,-24,19
MLB,2011,OAK,162,74,88,0,0.457,645,679,-34,20
MLB,2011,COL,162,73,89,0,0.451,735,774,-39,21
MLB,2011,FLO,162,72,90,0,0.444,625,702,-77,22
MLB,2011,PIT,162,72,90,0,0.444,610,712,-102,23
MLB,2011,SDN,162,71,91,0,0.438,593,611,-18,24
MLB,2011,KCA,162,71,91,0,0.438,730,762,-32,25
MLB,2011,CHN,162,71,91,0,0.438,654,756,-102,26
MLB,2011,BAL,162,69,93,0,0.426,708,860,-152,27
MLB,2011,SEA,162,67,95,0,0.414,556,675,-119,28
MLB,2011,MIN,162,63,99,0,0.389,619,804,-185,29
MLB,2011,HOU,162,56,106,0,0.346,615,796,-181,30
MLB,2012,WAS,162,98,64,0,0.605,731,594,137,1
MLB,2012,CIN,162,97,65,0,0.599,669,588,81,2
MLB,2012,NYA,162,95,67,0,0.586,804,668,136,3
MLB,2012,ATL,162,94,68,0,0.58,700,600,100,4
MLB,2012,OAK,162,94,68,0,0.58,713,614,99,5
MLB,2012,SFN,162,94,68,0,0.58,718,649,69,6
MLB,2012,TEX,162,93,69,0,0.574,808,707,101,7
MLB,2012,BAL,162,93,69,0,0.574,712,705,7,8
MLB,2012,TBA,162,90,72,0,0.556,697,577,120,9
MLB,2012,ANA,162,89,73,0,0.549,767,699,68,10
MLB,2012,SLN,162,88,74,0,0.543,765,648,117,11
MLB,2012,DET,162,88,74,0,0.543,726,670,56,12
MLB,2012,LAN,162,86,76,0,0.531,637,597,40,13
MLB,2012,CHA,162,85,77,0,0.525,748,676,72,14
MLB,2012,MIL,162,83,79,0,0.512,776,733,43,15
MLB,2012,ARI,162,81,81,0,0.5,734,688,46,16
MLB,2012,PHI,162,81,81,0,0.5,684,680,4,17
MLB,2012,PIT,162,79,83,0,0.488,651,674,-23,18
MLB,2012,SDN,162,76,86,0,0.469,651,710,-59,19
MLB,2012,SEA,162,75,87,0,0.463,619,651,-32,20
MLB,2012,NYN,162,74,88,0,0.457,650,709,-59,21
MLB,2012,TOR,162,73,89,0,0.451,716,784,-68,22
MLB,2012,KCA,162,72,90,0,0.444,676,746,-70,23
MLB,2012,BOS,162,69,93,0,0.426,734,806,-72,24
MLB,2012,MIA,162,69,93,0,0.426,609,724,-115,25
MLB,2012,CLE,162,68,94,0,0.42,667,845,-178,26
MLB,2012,MIN,162,66,96,0,0.407,701,832,-131,27
MLB,2012,COL,162,64,98,0,0.395,758,890,-132,28
MLB,2012,CHN,162,61,101,0,0.377,613,759,-146,29
MLB,2012,HOU,162,55,107,0,0.34,583,794,-211,30
MLB,2013,BOS,162,97,65,0,0.599,853,656,197,1
MLB,2013,SLN,162,97,65,0,0.599,783,596,187,2
MLB,2013,OAK,162,96,66,0,0.593,767,625,142,3
MLB,2013,ATL,162,96,66,0,0.593,688,548,140,4
MLB,2013,PIT,162,94,68,0,0.58,634,577,57,5
MLB,2013,DET,162,93,69,0,0.574,796,624,172,6
MLB,2013,CLE,162,92,70,0,0.568,745,662,83,7
MLB,2013,LAN,162,92,70,0,0.568,649,582,67,8
MLB,2013,TBA,163,92,71,0,0.564,700,646,54,9
MLB,2013,TEX,163,91,72,0,0.558,730,636,94,10
MLB,2013,CIN,162,90,72,0,0.556,698,589,109,11
MLB,2013,KCA,162,86,76,0,0.531,648,601,47,12
MLB,2013,WAS,162,86,76,0,0.531,656,626,30,13
MLB,2013,BAL,162,85,77,0,0.525,745,709,36,14
MLB,2013,NYA,162,85,77,0,0.525,650,671,-21,15
MLB,2013,ARI,162,81,81,0,0.5,685,695,-10,16
MLB,2013,ANA,162,78,84,0,0.481,733,737,-4,17
MLB,2013,SFN,162,76,86,0,0.469,629,691,-62,18
MLB,2013,SDN,162,76,86,0,0.469,618,700,-82,19
MLB,2013,TOR,162,74,88,0,0.457,712,756,-44,20
MLB,2013,MIL,162,74,88,0,0.457,640,687,-47,21
MLB,2013,COL,162,74,88,0,0.457,706,760,-54,22
MLB,2013,NYN,162,74,88,0,0.457,619,684,-65,23
MLB,2013,PHI,162,73,89,0,0.451,610,749,-139,24
MLB,2013,SEA,162,71,91,0,0.438,624,754,-130,25
MLB,2013,CHN,162,66,96,0,0.407,602,689,-87,26
MLB,2013,MIN,162,66,96,0,0.407,614,788,-174,27
MLB,2013,CHA,162,63,99,0,0.389,598,723,-125,28
MLB,2013,MIA,162,62,100,0,0.383,513,646,-133,29
MLB,2013,HOU,162,51,111,0,0.315,610,848,-238,30
MLB,2014,ANA,162,98,64,0,0.605,773,630,143,1
MLB,2014,WAS,162,96,66,0,0.593,686,555,131,2
MLB,2014,BAL,162,96,66,0,0.593,705,593,112,3
MLB,2014,LAN,162,94,68,0,0.58,718,617,101,4
MLB,2014,DET,162,90,72,0,0.556,757,705,52,5
MLB,2014,SLN,162,90,72,0,0.556,619,603,16,6
MLB,2014,KCA,162,89,73,0,0.549,651,624,27,7
MLB,2014,OAK,162,88,74,0,0.543,729,572,157,8
MLB,2014,PIT,162,88,74,0,0.543,682,631,51,9
MLB,2014,SFN,162,88,74,0,0.543,665,614,51,10
MLB,2014,SEA,162,87,75,0,0.537,634,554,80,11
MLB,2014,CLE,162,85,77,0,0.525,669,653,16,12
MLB,2014,NYA,162,84,78,0,0.519,633,664,-31,13
MLB,2014,TOR,162,83,79,0,0.512,723,686,37,14
MLB,2014,MIL,162,82,80,0,0.506,650,657,-7,15
MLB,2014,NYN,162,79,83,0,0.488,629,618,11,16
MLB,2014,ATL,162,79,83,0,0.488,573,597,-24,17
MLB,2014,TBA,162,77,85,0,0.475,612,625,-13,18
MLB,2014,MIA,162,77,85,0,0.475,645,674,-29,19
MLB,2014,SDN,162,77,85,0,0.475,535,577,-42,20
MLB,2014,CIN,162,76,86,0,0.469,595,612,-17,21
MLB,2014,PHI,162,73,89,0,0.451,619,687,-68,22
MLB,2014,CHN,162,73,89,0,0.451,614,707,-93,23
MLB,2014,CHA,162,73,89,0,0.451,660,758,-98,24
MLB,2014,BOS,162,71,91,0,0.438,634,715,-81,25
MLB,2014,MIN,162,70,92,0,0.432,715,777,-62,26
MLB,2014,HOU,162,70,92,0,0.432,629,723,-94,27
MLB,2014,TEX,162,67,95,0,0.414,637,773,-136,28
MLB,2014,COL,162,66,96,0,0.407,755,818,-63,29
MLB,2014,ARI,162,64,98,0,0.395,615,742,-127,30
MLB,2015,SLN,162,100,62,0,0.617,647,525,122,1
MLB,2015,PIT,162,98,64,0,0.605,697,596,101,2
MLB,2015,CHN,162,97,65,0,0.599,689,608,81,3
MLB,2015,KCA,162,95,67,0,0.586,724,641,83,4
MLB,2015,TOR,162,93,69,0,0.574,891,670,221,5
MLB,2015,LAN,162,92,70,0,0.568,667,595,72,6
MLB,2015,NYN,162,90,72,0,0.556,683,613,70,7
MLB,2015,TEX,162,88,74,0,0.543,751,733,18,8
MLB,2015,NYA,162,87,75,0,0.537,764,698,66,9
MLB,2015,HOU,162,86,76,0,0.531,729,618,111,10
MLB,2015,ANA,162,85,77,0,0.525,661,675,-14,11
MLB,2015,SFN,162,84,78,0,0.519,696,627,69,12
MLB,2015,WAS,162,83,79,0,0.512,703,635,68,13
MLB,2015,MIN,162,83,79,0,0.512,696,700,-4,14
MLB,2015,CLE,161,81,80,0,0.503,669,640,29,15
MLB,2015,BAL,162,81,81,0,0.5,713,693,20,16
MLB,2015,TBA,162,80,82,0,0.494,644,642,2,17
MLB,2015,ARI,162,79,83,0,0.488,720,713,7,18
MLB,2015,BOS,162,78,84,0,0.481,748,753,-5,19
MLB,2015,SEA,162,76,86,0,0.469,656,726,-70,20
MLB,2015,CHA,162,76,86,0,0.469,622,701,-79,21
MLB,2015,DET,161,74,87,0,0.46,689,803,-114,22
MLB,2015,SDN,162,74,88,0,0.457,650,731,-81,23
MLB,2015,MIA,162,71,91,0,0.438,613,678,-65,24
MLB,2015,OAK,162,68,94,0,0.42,694,729,-35,25
MLB,2015,MIL,162,68,94,0,0.42,655,737,-82,26
MLB,2015,COL,162,68,94,0,0.42,737,844,-107,27
MLB,2015,ATL,162,67,95,0,0.414,573,760,-187,28
MLB,2015,CIN,162,64,98,0,0.395,640,754,-114,29
MLB,2015,PHI,162,63,99,0,0.389,626,809,-183,30
MLB,2016,CHN,162,103,58,1,0.639,808,556,252,1
MLB,2016,WAS,162,95,67,0,0.586,763,612,151,2
MLB,2016,TEX,162,95,67,0,0.586,765,757,8,3
MLB,2016,CLE,161,94,67,0,0.584,777,676,101,4
MLB,2016,BOS,162,93,69,0,0.574,878,694,184,5
MLB,2016,LAN,162,91,71,0,0.562,725,638,87,6
MLB,2016,TOR,162,89,73,0,0.549,759,666,93,7
MLB,2016,BAL,162,89,73,0,0.549,744,715,29,8
MLB,2016,SFN,162,87,75,0,0.537,715,631,84,9
MLB,2016,NYN,162,87,75,0,0.537,671,617,54,10
MLB,2016,DET,161,86,75,0,0.534,750,721,29,11
MLB,2016,SLN,162,86,76,0,0.531,779,712,67,12
MLB,2016,SEA,162,86,76,0,0.531,768,707,61,13
MLB,2016,HOU,162,84,78,0,0.519,724,701,23,14
MLB,2016,NYA,162,84,78,0,0.519,680,702,-22,15
MLB,2016,KCA,162,81,81,0,0.5,675,712,-37,16
MLB,2016,MIA,161,79,82,0,0.491,655,682,-27,17
MLB,2016,PIT,162,78,83,1,0.485,729,758,-29,18
MLB,2016,CHA,162,78,84,0,0.481,686,715,-29,19
MLB,2016,COL,162,75,87,0,0.463,845,860,-15,20
MLB,2016,ANA,162,74,88,0,0.457,717,727,-10,21
MLB,2016,MIL,162,73,89,0,0.451,671,733,-62,22
MLB,2016,PHI,162,71,91,0,0.438,610,796,-186,23
MLB,2016,OAK,162,69,93,0,0.426,653,761,-108,24
MLB,2016,ARI,162,69,93,0,0.426,752,890,-138,25
MLB,2016,ATL,161,68,93,0,0.422,649,779,-130,26
MLB,2016,TBA,162,68,94,0,0.42,672,713,-41,27
MLB,2016,SDN,162,68,94,0,0.42,686,770,-84,28
MLB,2016,CIN,162,68,94,0,0.42,716,854,-138,29
MLB,2016,MIN,162,59,103,0,0.364,722,889,-167,30
MLB,2017,LAN,162,104,58,0,0.642,770,580,190,1
MLB,2017,CLE,162,102,60,0,0.63,818,564,254,2
MLB,2017,HOU,162,101,61,0,0.623,896,700,196,3
MLB,2017,WAS,162,97,65,0,0.599,819,672,147,4
MLB,2017,ARI,162,93,69,0,0.574,812,659,153,5
MLB,2017,BOS,162,93,69,0,0.574,785,668,117,6
MLB,2017,CHN,162,92,70,0,0.568,822,695,127,7
MLB,2017,NYA,162,91,71,0,0.562,858,660,198,8
MLB,2017,COL,162,87,75,0,0.537,824,757,67,9
MLB,2017,MIL,162,86,76,0,0.531,732,697,35,10
MLB,2017,MIN,162,85,77,0,0.525,815,788,27,11
MLB,2017,SLN,162,83,79,0,0.512,761,705,56,12
MLB,2017,ANA,162,80,82,0,0.494,710,709,1,13
MLB,2017,TBA,162,80,82,0,0.494,694,704,-10,14
MLB,2017,KCA,162,80,82,0,0.494,702,791,-89,15
MLB,2017,TEX,162,78,84,0,0.481,799,816,-17,16
MLB,2017,SEA,162,78,84,0,0.481,750,772,-22,17
MLB,2017,MIA,162,77,85,0,0.475,778,822,-44,18
MLB,2017,TOR,162,76,86,0,0.469,693,784,-91,19
MLB,2017,PIT,162,75,87,0,0.463,668,731,-63,20
MLB,2017,OAK,162,75,87,0,0.463,739,826,-87,21
MLB,2017,BAL,162,75,87,0,0.463,743,841,-98,22
MLB,2017,ATL,162,72,90,0,0.444,732,821,-89,23
MLB,2017,SDN,162,71,91,0,0.438,604,816,-212,24
MLB,2017,NYN,162,70,92,0,0.432,735,863,-128,25
MLB,2017,CIN,162,68,94,0,0.42,753,869,-116,26
MLB,2017,CHA,162,67,95,0,0.414,706,820,-114,27
MLB,2017,PHI,162,66,96,0,0.407,690,782,-92,28
MLB,2017,SFN,162,64,98,0,0.395,639,776,-137,29
MLB,2017,DET,162,64,98,0,0.395,735,894,-159,30
MLB,2018,BOS,162,108,54,0,0.667,876,647,229,1
MLB,2018,HOU,162,103,59,0,0.636,797,534,263,2
MLB,2018,NYA,162,100,62,0,0.617,851,669,182,3
MLB,2018,OAK,162,97,65,0,0.599,813,674,139,4
MLB,2018,MIL,163,96,67,0,0.589,754,659,95,5
MLB,2018,CHN,163,95,68,0,0.583,761,645,116,6
MLB,2018,LAN,163,92,71,0,0.564,804,610,194,7
MLB,2018,CLE,162,91,71,0,0.562,818,648,170,8
MLB,2018,COL,163,91,72,0,0.558,780,745,35,9
MLB,2018,ATL,162,90,72,0,0.556,759,657,102,10
MLB,2018,TBA,162,90,72,0,0.556,716,646,70,11
MLB,2018,SEA,162,89,73,0,0.549,677,711,-34,12
MLB,2018,SLN,162,88,74,0,0.543,759,691,68,13
MLB,2018,PIT,161,82,79,0,0.509,692,693,-1,14
MLB,2018,WAS,162,82,80,0,0.506,771,682,89,15
MLB,2018,ARI,162,82,80,0,0.506,693,644,49,16
MLB,2018,ANA,162,80,82,0,0.494,721,722,-1,17
MLB,2018,PHI,162,80,82,0,0.494,677,728,-51,18
MLB,2018,MIN,162,78,84,0,0.481,738,775,-37,19
MLB,2018,NYN,162,77,85,0,0.475,676,707,-31,20
MLB,2018,SFN,162,73,89,0,0.451,603,699,-96,21
MLB,2018,TOR,162,73,89,0,0.451,709,832,-123,22
MLB,2018,TEX,162,67,95,0,0.414,737,848,-111,23
MLB,2018,CIN,162,67,95,0,0.414,696,819,-123,24
MLB,2018,SDN,162,66,96,0,0.407,617,767,-150,25
MLB,2018,DET,162,64,98,0,0.395,630,796,-166,26
MLB,2018,MIA,161,63,98,0,0.391,589,809,-220,27
MLB,2018,CHA,162,62,100,0,0.383,656,848,-192,28
MLB,2018,KCA,162,58,104,0,0.358,638,833,-195,29
MLB,2018,BAL,162,47,115,0,0.29,622,892,-270,30
MLB,2019,HOU,162,107,55,0,0.66,920,640,280,1
MLB,2019,LAN,162,106,56,0,0.654,886,613,273,2
MLB,2019,NYA,162,103,59,0,0.636,943,739,204,3
MLB,2019,MIN,162,101,61,0,0.623,939,754,185,4
MLB,2019,OAK,162,97,65,0,0.599,845,680,165,5
MLB,2019,ATL,162,97,65,0,0.599,855,743,112,6
MLB,2019,TBA,162,96,66,0,0.593,769,656,113,7
MLB,2019,WAS,162,93,69,0,0.574,873,724,149,8
MLB,2019,CLE,162,93,69,0,0.574,769,657,112,9
MLB,2019,SLN,162,91,71,0,0.562,764,662,102,10
MLB,2019,MIL,162,89,73,0,0.549,769,766,3,11
MLB,2019,NYN,162,86,76,0,0.531,791,737,54,12
MLB,2019,ARI,162,85,77,0,0.525,813,743,70,13
MLB,2019,CHN,162,84,78,0,0.519,814,717,97,14
MLB,2019,BOS,162,84,78,0,0.519,901,828,73,15
MLB,2019,PHI,162,81,81,0,0.5,774,794,-20,16
MLB,2019,TEX,162,78,84,0,0.481,810,878,-68,17
MLB,2019,SFN,162,77,85,0,0.475,678,773,-95,18
MLB,2019,CIN,162,75,87,0,0.463,701,711,-10,19
MLB,2019,CHA,161,72,89,0,0.447,708,832,-124,20
MLB,2019,ANA,162,72,90,0,0.444,769,868,-99,21
MLB,2019,COL,162,71,91,0,0.438,835,958,-123,22
MLB,2019,SDN,162,70,92,0,0.432,682,789,-107,23
MLB,2019,PIT,162,69,93,0,0.426,758,911,-153,24
MLB,2019,SEA,162,68,94,0,0.42,758,893,-135,25
MLB,2019,TOR,162,67,95,0,0.414,726,828,-102,26
MLB,2019,KCA,162,59,103,0,0.364,691,869,-178,27
MLB,2019,MIA,162,57,105,0,0.352,615,808,-193,28
MLB,2019,BAL,162,54,108,0,0.333,729,981,-252,29
MLB,2019,DET,161,47,114,0,0.292,582,915,-333,30
MLB,2020,LAN,60,43,17,0,0.717,349,213,136,1
MLB,2020,TBA,60,40,20,0,0.667,289,229,60,2
MLB,2020,SDN,60,37,23,0,0.617,325,241,84,3
MLB,2020,MIN,60,36,24,0,0.6,269,215,54,4
MLB,2020,OAK,60,36,24,0,0.6,274,232,42,5
MLB,2020,ATL,60,35,25,0,0.583,348,288,60,6
MLB,2020,CHA,60,35,25,0,0.583,306,246,60,7
MLB,2020,CLE,60,35,25,0,0.583,248,209,39,8
MLB,2020,CHN,60,34,26,0,0.567,265,240,25,9
MLB,2020,NYA,60,33,27,0,0.55,315,270,45,10
MLB,2020,TOR,60,32,28,0,0.533,302,312,-10,11
MLB,2020,SLN,58,30,28,0,0.517,240,229,11,12
MLB,2020,CIN,60,31,29,0,0.517,243,243,0,13
MLB,2020,MIA,60,31,29,0,0.517,263,304,-41,14
MLB,2020,HOU,60,29,31,0,0.483,279,275,4,15
MLB,2020,SFN,60,29,31,0,0.483,299,297,2,16
MLB,2020,MIL,60,29,31,0,0.483,247,264,-17,17
MLB,2020,PHI,60,28,32,0,0.467,306,311,-5,18
MLB,2020,SEA,60,27,33,0,0.45,254,303,-49,19
MLB,2020,WAS,60,26,34,0,0.433,293,301,-8,20
MLB,2020,NYN,60,26,34,0,0.433,286,308,-22,21
MLB,2020,KCA,60,26,34,0,0.433,248,272,-24,22
MLB,2020,ANA,60,26,34,0,0.433,294,321,-27,23
MLB,2020,COL,60,26,34,0,0.433,275,353,-78,24
MLB,2020,BAL,60,25,35,0,0.417,274,294,-20,25
MLB,2020,ARI,60,25,35,0,0.417,269,295,-26,26
MLB,2020,BOS,60,24,36,0,0.4,292,351,-59,27
MLB,2020,DET,58,23,35,0,0.397,249,318,-69,28
MLB,2020,TEX,60,22,38,0,0.367,224,312,-88,29
MLB,2020,PIT,60,19,41,0,0.317,219,298,-79,30
MLB,2021,SFN,162,107,55,0,0.66,804,594,210,1
MLB,2021,LAN,162,106,56,0,0.654,830,561,269,2
MLB,2021,TBA,162,100,62,0,0.617,857,651,206,3
MLB,2021,HOU,162,95,67,0,0.586,863,658,205,4
MLB,2021,MIL,162,95,67,0,0.586,738,623,115,5
MLB,2021,CHA,162,93,69,0,0.574,796,636,160,6
MLB,2021,BOS,162,92,70,0,0.568,829,749,80,7
MLB,2021,NYA,162,92,70,0,0.568,711,669,42,8
MLB,2021,TOR,162,91,71,0,0.562,846,663,183,9
MLB,2021,SLN,162,90,72,0,0.556,706,672,34,10
MLB,2021,SEA,162,90,72,0,0.556,697,748,-51,11
MLB,2021,ATL,161,88,73,0,0.547,790,656,134,12
MLB,2021,OAK,162,86,76,0,0.531,743,687,56,13
MLB,2021,CIN,162,83,79,0,0.512,786,760,26,14
MLB,2021,PHI,162,82,80,0,0.506,734,745,-11,15
MLB,2021,CLE,162,80,82,0,0.494,717,727,-10,16
MLB,2021,SDN,162,79,83,0,0.488,729,708,21,17
MLB,2021,NYN,162,77,85,0,0.475,636,668,-32,18
MLB,2021,DET,162,77,85,0,0.475,697,756,-59,19
MLB,2021,ANA,162,77,85,0,0.475,723,804,-81,20
MLB,2021,COL,161,74,87,0,0.46,739,796,-57,21
MLB,2021,KCA,162,74,88,0,0.457,686,788,-102,22
MLB,2021,MIN,162,73,89,0,0.451,729,834,-105,23
MLB,2021,CHN,162,71,91,0,0.438,705,839,-134,24
MLB,2021,MIA,162,67,95,0,0.414,623,701,-78,25
MLB,2021,WAS,162,65,97,0,0.401,724,820,-96,26
MLB,2021,PIT,162,61,101,0,0.377,609,833,-224,27
MLB,2021,TEX,162,60,102,0,0.37,625,815,-190,28
MLB,2021,ARI,162,52,110,0,0.321,679,893,-214,29
MLB,2021,BAL,162,52,110,0,0.321,659,956,-297,30
MLB,2022,LAN,162,111,51,0,0.685,847,513,334,1
MLB,2022,HOU,162,106,56,0,0.654,737,518,219,2
MLB,2022,ATL,162,101,61,0,0.623,789,609,180,3
MLB,2022,NYN,162,101,61,0,0.623,772,606,166,4
MLB,2022,NYA,162,99,63,0,0.611,807,567,240,5
MLB,2022,SLN,162,93,69,0,0.574,772,637,135,6
MLB,2022,TOR,162,92,70,0,0.568,775,679,96,7
MLB,2022,CLE,162,92,70,0,0.568,698,634,64,8
MLB,2022,SEA,162,90,72,0,0.556,690,623,67,9
MLB,2022,SDN,162,89,73,0,0.549,705,660,45,10
MLB,2022,PHI,162,87,75,0,0.537,747,685,62,11
MLB,2022,TBA,162,86,76,0,0.531,666,614,52,12
MLB,2022,MIL,162,86,76,0,0.531,725,688,37,13
MLB,2022,BAL,162,83,79,0,0.512,674,688,-14,14
MLB,2022,SFN,162,81,81,0,0.5,716,697,19,15
MLB,2022,CHA,162,81,81,0,0.5,686,717,-31,16
MLB,2022,MIN,162,78,84,0,0.481,696,684,12,17
MLB,2022,BOS,162,78,84,0,0.481,735,787,-52,18
MLB,2022,ARI,162,74,88,0,0.457,702,740,-38,19
MLB,2022,CHN,162,74,88,0,0.457,657,731,-74,20
MLB,2022,ANA,162,73,89,0,0.451,623,668,-45,21
MLB,2022,MIA,162,69,93,0,0.426,586,676,-90,22
MLB,2022,TEX,162,68,94,0,0.42,707,743,-36,23
MLB,2022,COL,162,68,94,0,0.42,698,873,-175,24
MLB,2022,DET,162,66,96,0,0.407,557,713,-156,25
MLB,2022,KCA,162,65,97,0,0.401,640,810,-170,26
MLB,2022,CIN,162,62,100,0,0.383,648,815,-167,27
MLB,2022,PIT,162,62,100,0,0.383,591,817,-226,28
MLB,2022,OAK,162,60,102,0,0.37,568,770,-202,29
MLB,2022,WAS,162,55,107,0,0.34,603,855,-252,30
MLB,2023,ATL,162,104,58,0,0.642,947,716,231,1
MLB,2023,BAL,162,101,61,0,0.623,807,678,129,2
MLB,2023,LAN,162,100,62,0,0.617,906,699,207,3
MLB,2023,TBA,162,99,63,0,0.611,860,665,195,4
MLB,2023,MIL,162,92,70,0,0.568,728,647,81,5
MLB,2023,TEX,162,90,72,0,0.556,881,716,165,6
MLB,2023,HOU,162,90,72,0,0.556,827,698,129,7
MLB,2023,PHI,162,90,72,0,0.556,796,715,81,8
MLB,2023,TOR,162,89,73,0,0.549,746,671,75,9
MLB,2023,SEA,162,88,74,0,0.543,758,659,99,10
MLB,2023,MIN,162,87,75,0,0.537,778,659,119,11
MLB,2023,ARI,162,84,78,0,0.519,746,761,-15,12
MLB,2023,MIA,162,84,78,0,0.519,666,723,-57,13
MLB,2023,CHN,162,83,79,0,0.512,819,723,96,14
MLB,2023,SDN,162,82,80,0,0.506,752,648,104,15
MLB,2023,NYA,162,82,80,0,0.506,673,698,-25,16
MLB,2023,CIN,162,82,80,0,0.506,783,821,-38,17
MLB,2023,SFN,162,79,83,0,0.488,674,719,-45,18
MLB,2023,BOS,162,78,84,0,0.481,772,776,-4,19
MLB,2023,DET,162,78,84,0,0.481,661,740,-79,20
MLB,2023,CLE,162,76,86,0,0.469,662,697,-35,21
MLB,2023,PIT,162,76,86,0,0.469,692,790,-98,22
MLB,2023,NYN,162,75,87,0,0.463,717,729,-12,23
MLB,2023,ANA,162,73,89,0,0.451,739,829,-90,24
MLB,2023,SLN,162,71,91,0,0.438,719,829,-110,25
MLB,2023,WAS,162,71,91,0,0.438,700,845,-145,26
MLB,2023,CHA,162,61,101,0,0.377,641,841,-200,27
MLB,2023,COL,162,59,103,0,0.364,721,957,-236,28
MLB,2023,KCA,162,56,106,0,0.346,676,859,-183,29
MLB,2023,OAK,162,50,112,0,0.309,585,924,-339,30
MLB,2024,LAN,162,98,64,0,0.605,842,686,156,1
MLB,2024,PHI,162,95,67,0,0.586,784,671,113,2
MLB,2024,NYA,162,94,68,0,0.58,815,668,147,3
MLB,2024,MIL,162,93,69,0,0.574,777,641,136,4
MLB,2024,SDN,162,93,69,0,0.574,760,669,91,5
MLB,2024,CLE,161,92,69,0,0.571,708,621,87,6
MLB,2024,BAL,162,91,71,0,0.562,786,699,87,7
MLB,2024,ARI,162,89,73,0,0.549,886,788,98,8
MLB,2024,ATL,162,89,73,0,0.549,704,607,97,9
MLB,2024,NYN,162,89,73,0,0.549,768,697,71,10
MLB,2024,HOU,161,88,73,0,0.547,740,649,91,11
MLB,2024,KCA,162,86,76,0,0.531,735,644,91,12
MLB,2024,DET,162,86,76,0,0.531,682,642,40,13
MLB,2024,SEA,162,85,77,0,0.525,676,607,69,14
MLB,2024,CHN,162,83,79,0,0.512,736,669,67,15
MLB,2024,SLN,162,83,79,0,0.512,672,719,-47,16
MLB,2024,MIN,162,82,80,0,0.506,742,735,7,17
MLB,2024,BOS,162,81,81,0,0.5,751,747,4,18
MLB,2024,SFN,162,80,82,0,0.494,693,699,-6,19
MLB,2024,TBA,162,80,82,0,0.494,604,663,-59,20
MLB,2024,TEX,162,78,84,0,0.481,683,738,-55,21
MLB,2024,CIN,162,77,85,0,0.475,699,694,5,22
MLB,2024,PIT,162,76,86,0,0.469,665,739,-74,23
MLB,2024,TOR,162,74,88,0,0.457,671,743,-72,24
MLB,2024,WAS,162,71,91,0,0.438,660,764,-104,25
MLB,2024,OAK,162,69,93,0,0.426,643,764,-121,26
MLB,2024,ANA,162,63,99,0,0.389,635,797,-162,27
MLB,2024,MIA,162,62,100,0,0.383,637,841,-204,28
MLB,2024,COL,162,61,101,0,0.377,682,929,-247,29
MLB,2024,CHA,162,41,121,0,0.253,507,813,-306,30
