sport,season,metric_name,metric_real,metric_skill,metric_luck,q_skill,luck_share
MLB,1980,spearman_r,0.6634071902816523,0.9553087233639508,-0.0453610925781845,0.7082938563431418,0.2917061436568582
MLB,1981,spearman_r,0.4262716781159514,0.9121030177325504,0.2680130109420739,0.24570893121364526,0.7542910687863548
MLB,1982,spearman_r,0.3734483590046104,0.9580481699306348,0.1772503605930771,0.25127887919920144,0.7487211208007986
MLB,1983,spearman_r,0.3922204446586,0.9573484631674188,-0.1439890110920279,0.4868711619126389,0.5131288380873611
MLB,1984,spearman_r,0.2238452584491892,0.9200205649567348,-0.1406924369274435,0.3436723173272061,0.656327682672794
MLB,1985,spearman_r,0.6449577875406004,0.9408946402152883,0.3328192392336927,0.5133221107169159,0.4866778892830841
MLB,1986,spearman_r,0.2095860096243274,0.945167978737068,-0.2775580436570414,0.39840818332101574,0.6015918166789842
MLB,1987,spearman_r,0.3752581089353375,0.9798049090953852,0.1996167739385259,0.22512689834933,0.77487310165067
MLB,1988,spearman_r,0.4492108127358247,0.9587470606343098,0.199450292765446,0.3289366299706338,0.6710633700293662
MLB,1989,spearman_r,0.4446925455170045,0.9438165970096822,-0.1988649698486434,0.5631993496972536,0.4368006503027464
MLB,1990,spearman_r,0.4143696218278366,0.930077462288642,-0.0162013185561247,0.45501489529288597,0.544985104707114
MLB,1991,spearman_r,0.1870804392357336,0.9676092687085258,-0.1456927188600487,0.29890646186894093,0.701093538131059
MLB,1992,spearman_r,0.5283083884800575,0.9364188400749204,0.2030282655644916,0.4435291837950126,0.5564708162049874
MLB,1993,spearman_r,0.7099664473115739,0.9829928139764764,-0.2423891245409507,0.7771908022446998,0.22280919775530017
MLB,1994,spearman_r,0.3762269934523814,0.8435439878767663,-0.0189070184532229,0.45815241562187814,0.5418475843781219
MLB,1995,spearman_r,0.1789941091213809,0.970766437495547,0.1131166684011375,0.07681158800964086,0.9231884119903592
MLB,1996,spearman_r,0.526135119100918,0.9484578567522128,-0.3430148460414877,0.6729913557307634,0.3270086442692366
MLB,1997,spearman_r,0.493454513614575,0.907719808047498,-0.0759287059077024,0.5788482485810065,0.4211517514189935
MLB,1998,spearman_r,0.4655655881943799,0.9311267192560926,-0.1144219275953295,0.5547207368459525,0.44527926315404753
MLB,1999,spearman_r,0.6640978227453066,0.8842726884591855,0.2264025902684324,0.6653216701604244,0.3346783298395756
MLB,2000,spearman_r,0.484601663484253,0.8631864657144906,0.111783224241299,0.49616293710952175,0.5038370628904782
MLB,2001,spearman_r,0.3782036606334277,0.9274654631532318,0.1962975622880001,0.24878840842187955,0.7512115915781205
MLB,2002,spearman_r,0.7212568456295501,0.9231721021111674,-0.1231892389580529,0.8070310431430017,0.19296895685699833
MLB,2003,spearman_r,0.6511104756543297,0.905882982705939,-0.2912700614482242,0.7871846809430983,0.21281531905690165
MLB,2004,spearman_r,0.6196422897162583,0.9127725777821818,-0.1310337769448801,0.7191717728691428,0.2808282271308572
MLB,2005,spearman_r,0.2906434051553733,0.8786264008526696,-0.3153880981366301,0.5075579097280579,0.4924420902719421
MLB,2006,spearman_r,0.1901518724714486,0.8886660476618797,0.0419839160802166,0.1749983268389562,0.8250016731610438
MLB,2007,spearman_r,0.4793558515221158,0.8797863535201488,0.2525797337956855,0.36156524914557636,0.6384347508544237
MLB,2008,spearman_r,0.4470627763968806,0.8866726317817291,0.0823556573511144,0.45343705359935566,0.5465629464006443
MLB,2009,spearman_r,0.6209373281285102,0.8642085811753814,0.3126259547730763,0.5589577310771975,0.4410422689228025
MLB,2010,spearman_r,0.4002015025635478,0.8964939928762442,-0.0517377126205775,0.4766126386243685,0.5233873613756315
MLB,2011,spearman_r,0.6561032867971418,0.907218131296156,-0.456270352039185,0.8158291415232628,0.1841708584767372
MLB,2012,spearman_r,0.3439028762559079,0.8695409414231463,0.6417760847012897,-1.3078102246877379,2.3078102246877377
MLB,2013,spearman_r,0.6531069047734936,0.93191444257768,-0.2775836966954121,0.7694849386277274,0.23051506137227262
MLB,2014,spearman_r,0.3087092413458421,0.9328201429775986,-0.2712171297874531,0.48165151050640137,0.5183484894935986
MLB,2015,spearman_r,0.6250987023310451,0.8655066647307809,0.0433800282197448,0.7075779427121036,0.2924220572878964
MLB,2016,spearman_r,0.6329569006385217,0.8850489459791434,0.3261307984886972,0.548964286680402,0.451035713319598
MLB,2017,spearman_r,0.6766158159609253,0.8798267204264153,-0.2910625435911128,0.8264473757593118,0.17355262424068818
MLB,2018,spearman_r,0.6050195241208499,0.9142985928541508,-0.0518725626034896,0.679892049160993,0.320107950839007
MLB,2019,spearman_r,0.5940606927463453,0.9434972108735232,0.070924391562402,0.5995331158687122,0.40046688413128784
MLB,2020,spearman_r,0.515159879553461,0.7109115407591718,0.177392179611253,0.633093612976796,0.366906387023204
MLB,2021,spearman_r,0.5227528291016498,0.9193711700238336,0.1545700825124166,0.481409810474069,0.5185901895259311
MLB,2022,spearman_r,0.5997545340151645,0.9103180445361688,0.1344603705897404,0.5997158745091589,0.40028412549084114
MLB,2023,spearman_r,0.4032423395587251,0.9183607154520388,0.2639257248891905,0.21288075466398126,0.7871192453360187
MLB,2024,spearman_r,0.409365476918848,0.955746774580838,0.1618011798868306,0.31181519072151354,0.6881848092784865
NBA,1949,spearman_r,0.7340294840294839,0.8846632426237914,0.0346538899875295,0.8227857633246924,0.17721423667530756
NBA,1950,spearman_r,0.8430123260851314,0.952166479438449,-0.1578951502478333,0.9016683844984663,0.09833161550153369
NBA,1951,spearman_r,0.6439906260034909,0.902455801312274,-0.1428598985624865,0.752739602648511,0.24726039735148897
NBA,1952,spearman_r,0.7500139429824981,0.9451395216446116,0.3167701863354037,0.6894731049119446,0.3105268950880554
NBA,1953,spearman_r,0.7372881355932204,0.7647328842025763,-0.296110046131991,0.974129300554701,0.02587069944529896
NBA,1954,spearman_r,0.4545538027176646,0.9027075674773932,0.6587325492402599,-0.8368838252289516,1.8368838252289517
NBA,1955,spearman_r,0.078086880944303,0.879581914199181,0.1477397514687684,-0.09517471672388914,1.0951747167238892
NBA,1956,spearman_r,-0.2822138999690523,0.9518072289156626,0.3149108242146726,-0.9375539252165552,1.9375539252165552
NBA,1957,spearman_r,0.4819626927118799,0.9700772721497396,0.7854091098781055,-1.6431983371333763,2.6431983371333763
NBA,1958,spearman_r,0.745122224799006,0.9940297973880048,0.5582927151561686,0.42876660550876367,0.5712333944912363
NBA,1959,spearman_r,0.8734939759036143,0.8982196964349441,0.2085928825858212,0.9641462309254998,0.03585376907450022
NBA,1960,spearman_r,0.7185757571479554,0.9221722216732094,-0.1594979505283022,0.81177583540935,0.18822416459064994
NBA,1961,spearman_r,0.9279661016949152,0.9539832459815244,0.9220529258469676,0.18518999568526173,0.8148100043147383
NBA,1962,spearman_r,0.8487394957983194,0.9915966386554624,-0.0253166810588913,0.8595188595845406,0.14048114041545945
NBA,1963,spearman_r,0.8017519989412359,0.9492889050691344,-0.3248931448269654,0.8842104971264277,0.11578950287357226
NBA,1964,spearman_r,0.8565477091591587,0.9958246164193104,-0.2618049863341741,0.8892544299567888,0.11074557004321117
NBA,1965,spearman_r,0.7782494901428224,0.8403361344537816,-0.3043478260869565,0.9457608855796056,0.05423911442039442
NBA,1966,spearman_r,0.6116236550659085,0.9724816115547944,-0.3551556975916281,0.7281953783591001,0.2718046216408999
NBA,1967,spearman_r,0.7235960350022186,0.8495907904857465,0.1732242287168574,0.8137182371138867,0.1862817628861133
NBA,1968,spearman_r,0.7922188267203045,0.9322590529370336,-0.3496659242761692,0.8907578612586481,0.10924213874135191
NBA,1969,spearman_r,0.5784294135042938,0.970076057451308,0.0022753143279447,0.5953230592869136,0.40467694071308635
NBA,1970,spearman_r,0.6239277130118611,0.9242145931757104,-0.1050315296321911,0.7082457990275133,0.2917542009724867
NBA,1971,spearman_r,0.8480622814176615,0.9753153314038144,-0.2779517684270784,0.8984629453662962,0.10153705463370377
NBA,1972,spearman_r,0.8800744664839042,0.9153282641731492,0.4541632900932729,0.9235549105619222,0.07644508943807782
NBA,1973,spearman_r,0.810179309366352,0.8958076448828608,0.2203601484739389,0.8732272516046625,0.12677274839533748
NBA,1974,spearman_r,0.6738687251501462,0.9650397273715984,-0.2258613250326227,0.755503614986628,0.244496385013372
NBA,1975,spearman_r,0.4885654885654887,0.9849674949446692,-0.0847729392130819,0.5359603222159053,0.4640396777840947
NBA,1976,spearman_r,0.5035759249151822,0.9426950733945012,-0.0229756085430784,0.5452702906976072,0.45472970930239276
NBA,1977,spearman_r,0.5147916156753942,0.8989572948956134,0.2737702304592453,0.3855188293657989,0.614481170634201
NBA,1978,spearman_r,0.477984292717669,0.9018623932264352,-0.1606783624870963,0.6010712076412372,0.3989287923587628
NBA,1979,spearman_r,0.9072678776022404,0.8950062519287494,-0.0454548163203381,1.0130378875718047,-0.013037887571804685
NBA,1980,spearman_r,0.8234424027825835,0.9167274990299356,0.1036145224576114,0.8852741268001956,0.11472587319980443
NBA,1981,spearman_r,0.7594942557302109,0.9277736696790686,-0.3857542671047327,0.8718874496412363,0.12811255035876368
NBA,1982,spearman_r,0.7046863593764033,0.9417462077694772,-0.0154883957943997,0.7523492699590288,0.24765073004097116
NBA,1983,spearman_r,0.7729993683421176,0.9547043058375404,-0.144447629628951,0.8346862416083493,0.16531375839165074
NBA,1984,spearman_r,0.6651774838790541,0.9398473088884142,-0.1033636398366486,0.7367073022526828,0.26329269774731723
NBA,1985,spearman_r,0.6544597170788535,0.9290850769118166,0.0319819506881112,0.693875373070006,0.306124626929994
NBA,1986,spearman_r,0.9093847582241994,0.9667493796526054,0.0689570874018614,0.9361047962612886,0.06389520373871138
NBA,1987,spearman_r,0.7325062034739455,0.925220846477573,0.3138054406164399,0.6848057128488555,0.3151942871511445
NBA,1988,spearman_r,0.7933101314771848,0.946353041486922,0.0373432548661847,0.8316377752337767,0.1683622247662233
NBA,1989,spearman_r,0.8521072897004718,0.9311360645119924,0.2087856192616299,0.8905949662921164,0.10940503370788357
NBA,1990,spearman_r,0.7515361936507898,0.9107744534404753,-0.2431110295896367,0.861998212013618,0.13800178798638196
NBA,1991,spearman_r,0.8011669064187339,0.9127835683629676,-0.366957310560425,0.9127818265537211,0.08721817344627891
NBA,1992,spearman_r,0.6914339651775798,0.961568008351118,0.2760120255436928,0.6059635537460992,0.3940364462539008
NBA,1993,spearman_r,0.7869688895842955,0.945501477920678,-0.21799634172859,0.8637448341895718,0.13625516581042818
NBA,1994,spearman_r,0.8128350531854879,0.9526157904636184,-0.0497374135565772,0.8605474230864889,0.1394525769135111
NBA,1995,spearman_r,0.8502905244849112,0.9299331802721555,-0.3230915509072161,0.9364396776811555,0.06356032231884445
NBA,1996,spearman_r,0.8622096160531065,0.8809772966397209,-0.220555145680492,0.9829622080425674,0.017037791957432602
NBA,1997,spearman_r,0.9416582505759464,0.9569468612985156,-0.125955716243427,0.9858818225760692,0.014118177423930844
NBA,1998,spearman_r,0.6904475609964307,0.8532235133324837,-0.3220453159575113,0.8614989623825985,0.1385010376174015
NBA,1999,spearman_r,0.7877737964042006,0.8338091678912205,0.1038186412448133,0.9369370288974743,0.06306297110252568
NBA,2000,spearman_r,0.7365818363526889,0.8863413457436657,0.1430559847969915,0.7985168049048645,0.20148319509513546
NBA,2001,spearman_r,0.6595747627901849,0.842184528851958,-0.1303863798833464,0.8122401519296601,0.18775984807033985
NBA,2002,spearman_r,0.629021230263315,0.94609999574144,-0.145547681091187,0.7095411164176005,0.29045888358239946
NBA,2003,spearman_r,0.6955715205450248,0.9026353329067832,-0.2847240541918793,0.8256098241091746,0.1743901758908254
NBA,2004,spearman_r,0.5721044583152767,0.9000335514168132,-0.2745109104755267,0.7208031677462415,0.27919683225375846
NBA,2005,spearman_r,0.7803488372267413,0.9281649200768324,0.2792945050782071,0.7721947565595139,0.22780524344048614
NBA,2006,spearman_r,0.5961323496534765,0.8687922941579079,0.1538288784686691,0.6186379071695831,0.3813620928304169
NBA,2007,spearman_r,0.8063507067580454,0.8189838130349234,0.062360104480584,0.9833033169142747,0.01669668308572525
NBA,2008,spearman_r,0.8654231429693717,0.8967136374326552,-0.0789567517262277,0.9679292363374288,0.03207076366257122
NBA,2009,spearman_r,0.7425731701880737,0.8565843904655247,-0.0354004279558312,0.8721825552152005,0.1278174447847995
NBA,2010,spearman_r,0.74737783606206,0.8971723766015756,0.0363103375847587,0.8259947195364838,0.17400528046351615
NBA,2011,spearman_r,0.6523313858844779,0.8794078207326702,-0.00327646696073,0.742743313759917,0.257256686240083
NBA,2012,spearman_r,0.7730899480013792,0.8550695684663261,-0.0910732262140329,0.9133538606161001,0.08664613938389987
NBA,2013,spearman_r,0.7543546225993746,0.9112659066267392,-0.1467028851281999,0.8516862829506688,0.14831371704933116
NBA,2014,spearman_r,0.6333411664229277,0.8566786409675392,0.3190278272759463,0.5846049724892217,0.4153950275107783
NBA,2015,spearman_r,0.7643711425923765,0.9055129688828272,-0.0902740898979364,0.8582610357848354,0.14173896421516463
NBA,2016,spearman_r,0.6457638731537665,0.9078599509701976,-0.2634967313666572,0.776245714248584,0.22375428575141598
NBA,2017,spearman_r,0.6027091507191944,0.9151319020251822,0.290276178309899,0.5000081787706503,0.4999918212293497
NBA,2018,spearman_r,0.7500000188184093,0.90003355884946,0.1761819279398274,0.7927288775428881,0.20727112245711188
NBA,2019,spearman_r,0.7461487125014779,0.8757115244586181,-0.2065887878658125,0.8802894072174097,0.11971059278259033
NBA,2020,spearman_r,0.7132155635062611,0.8898969757336114,0.1064191435722535,0.7744908598882189,0.22550914011178114
NBA,2021,spearman_r,0.586288066943116,0.903056361441684,-0.268120589241144,0.7295299448013526,0.2704700551986474
NBA,2022,spearman_r,0.5791304726667565,0.9263028636971868,-0.0547930916634777,0.6461381895078704,0.3538618104921296
NBA,2023,spearman_r,0.715515761131601,0.8988729164114689,-0.0941423720557193,0.8153531396652545,0.18464686033474553
NBA,2024,spearman_r,0.7554808185667019,0.8952481401658794,0.1610429450100083,0.8096345238070605,0.19036547619293953
NFL,1966,spearman_r,0.5803176926240952,0.5631703535076619,0.0748541472693857,1.0351152365974645,-0.035115236597464516
NFL,1967,spearman_r,0.4975757938671765,0.5599403594170769,-0.2435007241510158,0.9223781720584432,0.07762182794155681
NFL,1968,spearman_r,0.704755258035105,0.6745860331173507,-0.2042891227704331,1.0343270881144424,-0.034327088114442406
NFL,1969,spearman_r,0.6497201826116815,0.5702832397698038,0.0947156614292855,1.1670360774362942,-0.16703607743629423
NFL,1970,spearman_r,0.4370136928102875,0.5776879613607867,0.0614700181079543,0.7274905485383332,0.27250945146166683
NFL,1971,spearman_r,0.4588392528072152,0.6783545296305059,0.3791963552937724,0.2662233705965744,0.7337766294034256
NFL,1972,spearman_r,0.6526720533544776,0.767307196860347,-0.0780209360213975,0.8643897688403256,0.1356102311596744
NFL,1973,spearman_r,0.7859974521780041,0.2369512764395827,-0.0989938666085189,2.6343328281421456,-1.6343328281421456
NFL,1974,spearman_r,0.2489425589718436,0.6309891513519547,-0.0001843348068074,0.3947043075190059,0.605295692480994
NFL,1975,spearman_r,0.6511443550922293,0.581271473230941,-0.3642289989172571,1.0739004198512303,-0.0739004198512303
NFL,1976,spearman_r,0.6294373868601073,0.537421238572625,0.1144778082837805,1.2175613609239442,-0.21756136092394418
NFL,1977,spearman_r,0.5921069442938918,0.5141269416213133,-0.0414524708720836,1.1403579774898611,-0.14035797748986112
NFL,1978,spearman_r,0.1650865329588712,0.4215653913839292,-0.1433353707003021,0.5459753718887445,0.45402462811125555
NFL,1979,spearman_r,0.5186113892588536,0.6340274426247545,0.0148436475453449,0.813599686743903,0.18640031325609696
NFL,1980,spearman_r,0.7023338384828114,0.6923157670373831,-0.0309367199397316,1.0138514165188697,-0.013851416518869675
NFL,1981,spearman_r,0.2319597735979597,0.665575487439578,-0.179456733106544,0.48686487532820477,0.5131351246717952
NFL,1982,spearman_r,0.4727405124700872,0.1014150152097127,0.0803207405438078,18.603141285561975,-17.603141285561975
NFL,1983,spearman_r,0.2221593946217659,0.4749758624003519,0.1579224780944864,0.20260599541593072,0.7973940045840693
NFL,1984,spearman_r,0.4190361386106633,0.5812235165234406,-0.2332943769511327,0.8008792941049854,0.19912070589501463
NFL,1985,spearman_r,0.617887183559812,0.5406432181025514,0.2327537772067755,1.250882151828677,-0.250882151828677
NFL,1986,spearman_r,0.4275733998097255,0.6513636546091056,0.1873816821628268,0.5176746768425551,0.4823253231574449
NFL,1987,spearman_r,0.2364553314121037,0.4147368511040644,-0.149531399267037,0.6840482880709475,0.31595171192905247
NFL,1988,spearman_r,0.4085992614287948,0.6291522125067989,-0.0151654733804265,0.6576953327390003,0.34230466726099973
NFL,1989,spearman_r,0.3323905170670905,0.5452594311234191,0.198252055496489,0.3865579552257547,0.6134420447742452
NFL,1990,spearman_r,0.6090753396463449,0.6740947919014904,0.2324199035117414,0.8527888862049814,0.1472111137950186
NFL,1991,spearman_r,0.5374636077605782,0.7018542782927878,-0.0178481391515932,0.7715852183518422,0.22841478164815776
NFL,1992,spearman_r,0.6618626948305111,0.7122561832307861,0.0060895824769147,0.9286379611461697,0.0713620388538303
NFL,1993,spearman_r,0.2971901360597836,0.7300535893909024,-0.0703787673999341,0.4592129495281864,0.5407870504718135
NFL,1994,spearman_r,0.2378645528562585,0.4301392170988076,-0.2481383744892134,0.7165251120969733,0.28347488790302666
NFL,1995,spearman_r,0.1210314720157715,0.691309404427666,-0.1286279686567808,0.3044859874277733,0.6955140125722268
NFL,1996,spearman_r,0.3432577837767501,0.599466071960158,-0.0770524343164333,0.6212841395965325,0.3787158604034675
NFL,1997,spearman_r,0.4262248496072143,0.4658063902198382,0.131751394649171,0.8815119033169775,0.11848809668302251
NFL,1998,spearman_r,0.6106439866158435,0.6599697800788449,0.3198585971310777,0.8549715624299933,0.14502843757000672
NFL,1999,spearman_r,0.2366815051386702,0.703950480027573,0.1135395107848735,0.2085699635827343,0.7914300364172657
NFL,2000,spearman_r,0.3662363572238162,0.65927255618971,0.0274516146854143,0.5362037252703162,0.46379627472968377
NFL,2001,spearman_r,0.607307419816309,0.7219629724024249,0.0901006232239315,0.8185434648303009,0.18145653516969906
NFL,2002,spearman_r,0.2627145086650216,0.5199002983186959,0.1269354518551052,0.3455246901391642,0.6544753098608358
NFL,2003,spearman_r,0.4849778622787801,0.7024770750727899,-0.040478274870353,0.7072513000806109,0.2927486999193891
NFL,2004,spearman_r,0.4728346772030201,0.6275214553810436,0.1661426308934723,0.6647293504425006,0.3352706495574994
NFL,2005,spearman_r,0.6082266279413984,0.6561532452141193,-0.018007737183637,0.928909239003624,0.07109076099637601
NFL,2006,spearman_r,0.2562340590624767,0.7214287528957853,-0.1345953644841092,0.4565635659224539,0.5434364340775462
NFL,2007,spearman_r,0.4398379521808105,0.7275742678266551,-0.2020486766382438,0.6904806218918481,0.3095193781081519
NFL,2008,spearman_r,0.4328900073081096,0.6338475145937887,-0.2264355200770356,0.7664053582521563,0.23359464174784372
NFL,2009,spearman_r,0.4291329195963695,0.6440752350180607,0.0161523931831124,0.6576931095649018,0.3423068904350982
NFL,2010,spearman_r,0.5877490607163468,0.6224841914748594,-0.0971929666212156,0.9517351212724253,0.04826487872757468
NFL,2011,spearman_r,0.3561155735543528,0.6045140822566847,-0.0928751587719922,0.643816545927875,0.35618345407212504
NFL,2012,spearman_r,0.3255391245158504,0.618576528390956,0.0733006082997259,0.46258876822200856,0.5374112317779914
NFL,2013,spearman_r,0.3230787837257246,0.668504385912331,0.0153354727822521,0.47115425237971376,0.5288457476202862
NFL,2014,spearman_r,0.6662140506603982,0.5515112923055561,0.318825179944368,1.4929505985161429,-0.49295059851614287
NFL,2015,spearman_r,0.3666190611987013,0.6940150543105457,-0.0466262639870113,0.5579560780319427,0.4420439219680573
NFL,2016,spearman_r,0.6657365254845883,0.5272313276437093,-0.0717510735311065,1.2312341690994952,-0.23123416909949523
NFL,2017,spearman_r,0.6234569405744059,0.547315937566417,-0.1228008537218512,1.113623481753996,-0.11362348175399606
NFL,2018,spearman_r,0.2805674810290242,0.6130493730992818,0.2209813967034944,0.15197896261075508,0.848021037389245
NFL,2019,spearman_r,0.2495658480946771,0.5766513341049866,0.2204853306331111,0.08164877382482222,0.9183512261751778
NFL,2020,spearman_r,0.628691260193517,0.7377595324108082,0.5240556113248809,0.48962905470772145,0.5103709452922786
NFL,2021,spearman_r,0.2490605739170396,0.5663210628665172,0.1396363455547244,0.2564521857068418,0.7435478142931582
NFL,2022,spearman_r,0.2027445140616024,0.6146592027819862,0.1193050103982117,0.16844412532749123,0.8315558746725088
NFL,2023,spearman_r,0.3041468677549045,0.6654491208093231,-0.2901639345994277,0.6219157419318886,0.3780842580681114
NFL,2024,spearman_r,0.6697439277073076,0.664979022974035,0.4078505038640294,1.0185312183563509,-0.018531218356350854
MLB,1980,upset_frequency,0.4137767220902613,0.0,0.5007125890736343,0.1736242884250475,0.8263757115749525
MLB,1981,upset_frequency,0.4103299856527977,0.003586800573888,0.5193687230989957,0.21140472878998612,0.7885952712100139
MLB,1982,upset_frequency,0.4271476032273374,0.0,0.4992880873279544,0.14448669201520908,0.855513307984791
MLB,1983,upset_frequency,0.4220009483167378,0.0,0.5201517306780464,0.18869644484958972,0.8113035551504103
MLB,1984,upset_frequency,0.4413301662707838,0.0057007125890736,0.4883610451306413,0.09744094488188983,0.9025590551181102
MLB,1985,upset_frequency,0.4136947218259629,0.0,0.4807417974322396,0.1394658753709198,0.8605341246290802
MLB,1986,upset_frequency,0.4317641464574417,0.0,0.5178316690442225,0.1662075298438935,0.8337924701561065
MLB,1987,upset_frequency,0.4389548693586698,0.0114014251781472,0.520665083135392,0.16044776119402998,0.83955223880597
MLB,1988,upset_frequency,0.4138095238095238,0.0057142857142857,0.5061904761904762,0.18458610846812562,0.8154138915318744
MLB,1989,upset_frequency,0.4306742640075973,0.0,0.4862298195631529,0.11425781250000015,0.8857421874999999
MLB,1990,upset_frequency,0.443230403800475,0.0,0.5182897862232779,0.14482126489459224,0.8551787351054078
MLB,1991,upset_frequency,0.4434410646387832,0.0,0.4762357414448669,0.06886227544910195,0.931137724550898
MLB,1992,upset_frequency,0.4273504273504273,0.0,0.49667616334283,0.13957934990439783,0.8604206500956022
MLB,1993,upset_frequency,0.4186866460996034,0.0,0.502864698104892,0.16739702015775623,0.8326029798422437
MLB,1994,upset_frequency,0.4325,0.01375,0.496875,0.13324708926261322,0.8667529107373868
MLB,1995,upset_frequency,0.4273673772930094,0.008428358948934,0.510659395141299,0.16584402764067138,0.8341559723593286
MLB,1996,upset_frequency,0.4349360388178209,0.0,0.4975738861932068,0.12588652482269494,0.8741134751773051
MLB,1997,upset_frequency,0.442188879082083,0.0013239187996469,0.5083848190644307,0.13054830287206254,0.8694516971279375
MLB,1998,upset_frequency,0.4004934210526316,0.0045230263157894,0.484375,0.17480719794344468,0.8251928020565553
MLB,1999,upset_frequency,0.4069192751235584,0.0061779242174629,0.478995057660626,0.15243902439024398,0.847560975609756
MLB,2000,upset_frequency,0.4293948126801152,0.0049403046521202,0.4849732400164677,0.11578044596912537,0.8842195540308746
MLB,2001,upset_frequency,0.4112803622890078,0.0275833676410045,0.4997941539728283,0.1874455100261552,0.8125544899738448
MLB,2002,upset_frequency,0.398598516075845,0.0234954657873042,0.4958779884583676,0.20593368237347284,0.7940663176265271
MLB,2003,upset_frequency,0.4078189300411522,0.0201646090534979,0.5135802469135803,0.2143452877397833,0.7856547122602167
MLB,2004,upset_frequency,0.4052718286655684,0.014827018121911,0.5061779242174629,0.20536462699077943,0.7946353730092206
MLB,2005,upset_frequency,0.4158782394076512,0.0213903743315508,0.4800493624023035,0.13991031390134515,0.8600896860986549
MLB,2006,upset_frequency,0.4359818855496088,0.024701523260601,0.4878550843968711,0.11200000000000004,0.8879999999999999
MLB,2007,upset_frequency,0.4302756067461949,0.0287947346770876,0.5158371040723982,0.1756756756756759,0.8243243243243241
MLB,2008,upset_frequency,0.4205107084019769,0.0197693574958813,0.485996705107084,0.14045936395759714,0.8595406360424028
MLB,2009,upset_frequency,0.4185185185185185,0.025514403292181,0.5131687242798354,0.19409282700421943,0.8059071729957805
MLB,2010,upset_frequency,0.4271604938271605,0.0304526748971193,0.5069958847736625,0.16753022452504315,0.8324697754749568
MLB,2011,upset_frequency,0.424454508027995,0.0111156854672704,0.4997941539728283,0.15417017691659646,0.8458298230834036
MLB,2012,upset_frequency,0.4164609053497942,0.0263374485596707,0.505761316872428,0.18626609442060094,0.8137339055793991
MLB,2013,upset_frequency,0.4204031262854792,0.018510900863842,0.5076100370218017,0.1783010933557612,0.8216989066442388
MLB,2014,upset_frequency,0.4386831275720164,0.0201646090534979,0.5041152263374485,0.13520408163265318,0.8647959183673468
MLB,2015,upset_frequency,0.4174557431041581,0.0325236722931247,0.5002058460271717,0.17693661971830976,0.8230633802816902
MLB,2016,upset_frequency,0.4258649093904448,0.0111202635914332,0.5057660626029654,0.16153205661948378,0.8384679433805162
MLB,2017,upset_frequency,0.4251028806584362,0.0205761316872428,0.5,0.15622317596566526,0.8437768240343347
MLB,2018,upset_frequency,0.4014808720691074,0.0176881941587823,0.4829288358700123,0.17506631299734732,0.8249336870026527
MLB,2019,upset_frequency,0.3948126801152737,0.0238781391519143,0.5072046109510087,0.2325383304940376,0.7674616695059624
MLB,2020,upset_frequency,0.3919821826280623,0.0122494432071269,0.4977728285077951,0.21788990825688084,0.7821100917431192
MLB,2021,upset_frequency,0.4034582132564842,0.0177027583367641,0.5026759983532317,0.20458404074702874,0.7954159592529713
MLB,2022,upset_frequency,0.402880658436214,0.0218106995884773,0.4905349794238683,0.18700614574187877,0.8129938542581212
MLB,2023,upset_frequency,0.4090534979423868,0.0213991769547325,0.4958847736625514,0.18300086730268858,0.8169991326973114
MLB,2024,upset_frequency,0.4129271305063812,0.0074104569781803,0.5072046109510087,0.1886326194398683,0.8113673805601317
NBA,1949,upset_frequency,0.2905525846702317,0.0106951871657754,0.5062388591800356,0.4352517985611511,0.564748201438849
NBA,1950,upset_frequency,0.3954802259887006,0.0,0.5056497175141242,0.21787709497206692,0.782122905027933
NBA,1951,upset_frequency,0.3878787878787879,0.0,0.5424242424242425,0.2849162011173185,0.7150837988826815
NBA,1952,upset_frequency,0.2840909090909091,0.0,0.5056818181818182,0.43820224719101125,0.5617977528089888
NBA,1953,upset_frequency,0.3425925925925926,0.0,0.4783950617283951,0.28387096774193543,0.7161290322580646
NBA,1954,upset_frequency,0.4270833333333333,0.0,0.5069444444444444,0.15753424657534246,0.8424657534246576
NBA,1955,upset_frequency,0.4375,0.0,0.5,0.125,0.875
NBA,1956,upset_frequency,0.4236111111111111,0.03125,0.5243055555555556,0.20422535211267612,0.7957746478873239
NBA,1957,upset_frequency,0.3888888888888889,0.0,0.4652777777777778,0.16417910447761194,0.835820895522388
NBA,1958,upset_frequency,0.3333333333333333,0.0,0.4826388888888889,0.30935251798561153,0.6906474820143884
NBA,1959,upset_frequency,0.2966666666666667,0.0,0.46,0.3550724637681159,0.644927536231884
NBA,1960,upset_frequency,0.3322784810126582,0.0,0.4841772151898734,0.3137254901960784,0.6862745098039216
NBA,1961,upset_frequency,0.3138888888888889,0.0,0.4888888888888889,0.35795454545454547,0.6420454545454546
NBA,1962,upset_frequency,0.325,0.0,0.4805555555555555,0.3236994219653178,0.6763005780346822
NBA,1963,upset_frequency,0.325,0.0,0.5611111111111111,0.4207920792079208,0.5792079207920793
NBA,1964,upset_frequency,0.3277777777777778,0.0,0.4861111111111111,0.3257142857142857,0.6742857142857144
NBA,1965,upset_frequency,0.3305555555555555,0.0,0.4722222222222222,0.3000000000000001,0.7
NBA,1966,upset_frequency,0.3234567901234568,0.0,0.4839506172839506,0.33163265306122447,0.6683673469387755
NBA,1967,upset_frequency,0.3211382113821138,0.0,0.5121951219512195,0.3730158730158731,0.626984126984127
NBA,1968,upset_frequency,0.3327526132404181,0.0,0.5174216027874564,0.3569023569023569,0.6430976430976432
NBA,1969,upset_frequency,0.3797909407665505,0.0,0.5261324041811847,0.27814569536423844,0.7218543046357615
NBA,1970,upset_frequency,0.3314203730272597,0.0114777618364418,0.4763271162123386,0.3117283950617283,0.6882716049382718
NBA,1971,upset_frequency,0.2869440459110473,0.0,0.5265423242467718,0.455040871934605,0.5449591280653949
NBA,1972,upset_frequency,0.2725968436154949,0.0,0.4949784791965567,0.44927536231884074,0.5507246376811592
NBA,1973,upset_frequency,0.3472022955523673,0.0,0.4964131994261119,0.30057803468208083,0.6994219653179192
NBA,1974,upset_frequency,0.3875338753387534,0.010840108401084,0.5094850948509485,0.24456521739130435,0.7554347826086957
NBA,1975,upset_frequency,0.3617886178861789,0.010840108401084,0.5257452574525745,0.3184210526315788,0.6815789473684212
NBA,1976,upset_frequency,0.3802660753880266,0.0,0.4977827050997783,0.23608017817371943,0.7639198218262806
NBA,1977,upset_frequency,0.376940133037694,0.0,0.5144124168514412,0.2672413793103448,0.7327586206896552
NBA,1978,upset_frequency,0.4002217294900221,0.0,0.4911308203991131,0.18510158013544034,0.8148984198645597
NBA,1979,upset_frequency,0.3470066518847006,0.0088691796008869,0.5055432372505543,0.31919642857142866,0.6808035714285714
NBA,1980,upset_frequency,0.3160127253446447,0.0084835630965005,0.4909862142099682,0.36263736263736274,0.6373626373626373
NBA,1981,upset_frequency,0.3340402969247084,0.0148462354188759,0.4941675503711559,0.334070796460177,0.665929203539823
NBA,1982,upset_frequency,0.3096500530222693,0.0021208907741251,0.5185577942735949,0.40451745379876813,0.5954825462012319
NBA,1983,upset_frequency,0.3647932131495228,0.016967126193001,0.4782608695652174,0.24597701149425288,0.7540229885057471
NBA,1984,upset_frequency,0.3404029692470838,0.0021208907741251,0.4803817603393425,0.29268292682926816,0.7073170731707319
NBA,1985,upset_frequency,0.3340402969247084,0.0127253446447507,0.47932131495228,0.31136363636363634,0.6886363636363637
NBA,1986,upset_frequency,0.3244962884411453,0.0063626723223753,0.5079533404029692,0.3657505285412261,0.6342494714587739
NBA,1987,upset_frequency,0.3181336161187699,0.0084835630965005,0.5111346765641569,0.38396624472573826,0.6160337552742617
NBA,1988,upset_frequency,0.3170731707317073,0.0195121951219512,0.4995121951219512,0.3800813008130081,0.6199186991869918
NBA,1989,upset_frequency,0.2981029810298103,0.007226738934056,0.4905149051490515,0.3981308411214953,0.6018691588785047
NBA,1990,upset_frequency,0.3215898825654923,0.005420054200542,0.5103884372177055,0.37388193202146697,0.626118067978533
NBA,1991,upset_frequency,0.3089430894308943,0.00903342366757,0.5140018066847335,0.40608228980322,0.5939177101967801
NBA,1992,upset_frequency,0.3242999096657633,0.010840108401084,0.5031616982836495,0.3633027522935781,0.6366972477064219
NBA,1993,upset_frequency,0.2926829268292683,0.007226738934056,0.5275519421860885,0.4513888888888889,0.5486111111111112
NBA,1994,upset_frequency,0.3044263775971093,0.007226738934056,0.4941282746160795,0.3896103896103897,0.6103896103896103
NBA,1995,upset_frequency,0.3019343986543313,0.0016820857863751,0.5492010092514719,0.4516129032258066,0.5483870967741934
NBA,1996,upset_frequency,0.2666105971404541,0.0067283431455004,0.496215306980656,0.4690721649484538,0.5309278350515463
NBA,1997,upset_frequency,0.2825904121110176,0.0084104289318755,0.4987384356602187,0.4408233276157806,0.5591766723842194
NBA,1998,upset_frequency,0.3103448275862069,0.0124137931034482,0.4813793103448275,0.364705882352941,0.635294117647059
NBA,1999,upset_frequency,0.3069806560134567,0.0067283431455004,0.488645920941968,0.37696335078534027,0.6230366492146597
NBA,2000,upset_frequency,0.3179142136248948,0.016820857863751,0.5365853658536586,0.42071197411003247,0.5792880258899675
NBA,2001,upset_frequency,0.3406223717409588,0.0117746005046257,0.5197645079899075,0.3526490066225166,0.6473509933774835
NBA,2002,upset_frequency,0.3423044575273339,0.0134566862910008,0.5222876366694701,0.35371900826446273,0.6462809917355372
NBA,2003,upset_frequency,0.3481917577796468,0.0201850294365012,0.4802354920100925,0.2870201096892138,0.7129798903107862
NBA,2004,upset_frequency,0.3178861788617886,0.0097560975609756,0.4926829268292683,0.36195286195286197,0.638047138047138
NBA,2005,upset_frequency,0.3390243902439024,0.008130081300813,0.4821138211382114,0.30188679245283023,0.6981132075471698
NBA,2006,upset_frequency,0.3528455284552845,0.0048780487804878,0.5178861788617887,0.3217115689381935,0.6782884310618065
NBA,2007,upset_frequency,0.3040650406504065,0.0146341463414634,0.4788617886178862,0.37653239929947463,0.6234676007005253
NBA,2008,upset_frequency,0.308130081300813,0.0097560975609756,0.5032520325203252,0.3953871499176278,0.6046128500823722
NBA,2009,upset_frequency,0.3024390243902439,0.0048780487804878,0.4796747967479675,0.37328767123287676,0.6267123287671232
NBA,2010,upset_frequency,0.3113821138211382,0.0097560975609756,0.4821138211382114,0.36144578313253023,0.6385542168674698
NBA,2011,upset_frequency,0.306060606060606,0.0111111111111111,0.5171717171717172,0.4171656686626748,0.5828343313373252
NBA,2012,upset_frequency,0.3181448331977217,0.0065093572009764,0.5020341741253052,0.3711001642036126,0.6288998357963874
NBA,2013,upset_frequency,0.3227642276422764,0.0130081300813008,0.4861788617886179,0.3453608247422681,0.6546391752577319
NBA,2014,upset_frequency,0.2983739837398374,0.0097560975609756,0.540650406504065,0.45635528330781006,0.5436447166921899
NBA,2015,upset_frequency,0.2934959349593496,0.0065040650406504,0.5040650406504065,0.42320261437908485,0.5767973856209152
NBA,2016,upset_frequency,0.3528455284552845,0.008130081300813,0.4796747967479675,0.2689655172413794,0.7310344827586206
NBA,2017,upset_frequency,0.3219512195121951,0.0032520325203252,0.5032520325203252,0.36260162601626034,0.6373983739837397
NBA,2018,upset_frequency,0.3387622149837133,0.00814332247557,0.498371335504886,0.32558139534883734,0.6744186046511627
NBA,2019,upset_frequency,0.3210576015108593,0.0151085930122757,0.5108593012275732,0.3828571428571428,0.6171428571428572
NBA,2020,upset_frequency,0.3416666666666667,0.0037037037037037,0.5111111111111111,0.33394160583941596,0.666058394160584
NBA,2021,upset_frequency,0.3398373983739837,0.0065040650406504,0.4853658536585366,0.303904923599321,0.696095076400679
NBA,2022,upset_frequency,0.3601626016260162,0.0048780487804878,0.5146341463414634,0.30303030303030315,0.6969696969696968
NBA,2023,upset_frequency,0.3273761169780666,0.0121852152721364,0.4971567831031681,0.35008375209380216,0.6499162479061978
NBA,2024,upset_frequency,0.3070674248578391,0.0048740861088545,0.5012185215272137,0.39116202945990186,0.6088379705400981
NFL,1966,upset_frequency,0.25,0.0,0.5714285714285714,0.5625,0.4375
NFL,1967,upset_frequency,0.2057142857142857,0.0057142857142857,0.5142857142857142,0.6067415730337077,0.3932584269662923
NFL,1968,upset_frequency,0.1758241758241758,0.0054945054945054,0.5659340659340659,0.6960784313725489,0.3039215686274511
NFL,1969,upset_frequency,0.1758241758241758,0.0164835164835164,0.489010989010989,0.6627906976744186,0.33720930232558144
NFL,1970,upset_frequency,0.2087912087912088,0.0384615384615384,0.5164835164835165,0.6436781609195401,0.3563218390804599
NFL,1971,upset_frequency,0.2747252747252747,0.0219780219780219,0.510989010989011,0.4831460674157303,0.5168539325842697
NFL,1972,upset_frequency,0.2032967032967033,0.0219780219780219,0.478021978021978,0.6024096385542167,0.3975903614457833
NFL,1973,upset_frequency,0.2252747252747252,0.0219780219780219,0.478021978021978,0.5542168674698795,0.4457831325301205
NFL,1974,upset_frequency,0.2802197802197802,0.0109890109890109,0.4010989010989011,0.3098591549295774,0.6901408450704226
NFL,1975,upset_frequency,0.2527472527472527,0.0164835164835164,0.510989010989011,0.5222222222222223,0.47777777777777775
NFL,1976,upset_frequency,0.1785714285714285,0.0255102040816326,0.5051020408163265,0.6808510638297873,0.31914893617021267
NFL,1977,upset_frequency,0.2448979591836734,0.0051020408163265,0.5459183673469388,0.5566037735849058,0.44339622641509424
NFL,1978,upset_frequency,0.2901785714285714,0.0267857142857142,0.5714285714285714,0.5163934426229507,0.4836065573770493
NFL,1979,upset_frequency,0.3080357142857143,0.0178571428571428,0.5223214285714286,0.42477876106194684,0.5752212389380531
NFL,1980,upset_frequency,0.3035714285714285,0.0089285714285714,0.4419642857142857,0.3195876288659795,0.6804123711340204
NFL,1981,upset_frequency,0.2767857142857143,0.0267857142857142,0.53125,0.5044247787610618,0.49557522123893816
NFL,1982,upset_frequency,0.246031746031746,0.0238095238095238,0.5238095238095238,0.5555555555555557,0.4444444444444443
NFL,1983,upset_frequency,0.3392857142857143,0.0223214285714285,0.5089285714285714,0.348623853211009,0.6513761467889909
NFL,1984,upset_frequency,0.2633928571428571,0.0178571428571428,0.53125,0.5217391304347826,0.4782608695652174
NFL,1985,upset_frequency,0.2633928571428571,0.0357142857142857,0.5178571428571429,0.5277777777777779,0.4722222222222221
NFL,1986,upset_frequency,0.25,0.0267857142857142,0.5044642857142857,0.5327102803738316,0.4672897196261684
NFL,1987,upset_frequency,0.3095238095238095,0.0416666666666666,0.5595238095238095,0.48275862068965525,0.5172413793103448
NFL,1988,upset_frequency,0.28125,0.0089285714285714,0.5401785714285714,0.4873949579831932,0.5126050420168068
NFL,1989,upset_frequency,0.3125,0.0401785714285714,0.46875,0.3645833333333333,0.6354166666666667
NFL,1990,upset_frequency,0.2857142857142857,0.0267857142857142,0.5267857142857143,0.4821428571428571,0.5178571428571429
NFL,1991,upset_frequency,0.2276785714285714,0.0089285714285714,0.4642857142857143,0.5196078431372549,0.48039215686274506
NFL,1992,upset_frequency,0.2723214285714285,0.0133928571428571,0.46875,0.431372549019608,0.568627450980392
NFL,1993,upset_frequency,0.3169642857142857,0.0178571428571428,0.5133928571428571,0.39639639639639634,0.6036036036036037
NFL,1994,upset_frequency,0.2767857142857143,0.0178571428571428,0.4241071428571428,0.36263736263736246,0.6373626373626375
NFL,1995,upset_frequency,0.3333333333333333,0.025,0.5,0.3508771929824562,0.6491228070175439
NFL,1996,upset_frequency,0.3208333333333333,0.0291666666666666,0.5291666666666667,0.41666666666666663,0.5833333333333334
NFL,1997,upset_frequency,0.3041666666666666,0.0333333333333333,0.5291666666666667,0.4537815126050422,0.5462184873949578
NFL,1998,upset_frequency,0.2666666666666666,0.0083333333333333,0.4833333333333333,0.456140350877193,0.5438596491228069
NFL,1999,upset_frequency,0.3306451612903225,0.0201612903225806,0.5524193548387096,0.41666666666666674,0.5833333333333333
NFL,2000,upset_frequency,0.2943548387096774,0.0282258064516129,0.4717741935483871,0.4000000000000001,0.5999999999999999
NFL,2001,upset_frequency,0.2701612903225806,0.0161290322580645,0.4354838709677419,0.39423076923076916,0.6057692307692308
NFL,2002,upset_frequency,0.3125,0.015625,0.4921875,0.3770491803278688,0.6229508196721312
NFL,2003,upset_frequency,0.25,0.00390625,0.44921875,0.4473684210526316,0.5526315789473684
NFL,2004,upset_frequency,0.27734375,0.015625,0.51953125,0.4806201550387597,0.5193798449612403
NFL,2005,upset_frequency,0.26171875,0.02734375,0.55859375,0.5588235294117647,0.4411764705882353
NFL,2006,upset_frequency,0.28515625,0.015625,0.45703125,0.3893805309734513,0.6106194690265487
NFL,2007,upset_frequency,0.24609375,0.02734375,0.5390625,0.5725190839694656,0.4274809160305344
NFL,2008,upset_frequency,0.26953125,0.01171875,0.51953125,0.49230769230769234,0.5076923076923077
NFL,2009,upset_frequency,0.25390625,0.0078125,0.49609375,0.496,0.504
NFL,2010,upset_frequency,0.30078125,0.01953125,0.4921875,0.4049586776859504,0.5950413223140496
NFL,2011,upset_frequency,0.25390625,0.015625,0.453125,0.45535714285714285,0.5446428571428572
NFL,2012,upset_frequency,0.2734375,0.01953125,0.5234375,0.49612403100775193,0.5038759689922481
NFL,2013,upset_frequency,0.3125,0.0078125,0.5078125,0.390625,0.609375
NFL,2014,upset_frequency,0.23046875,0.01953125,0.59765625,0.6351351351351351,0.3648648648648649
NFL,2015,upset_frequency,0.296875,0.00390625,0.47265625,0.375,0.625
NFL,2016,upset_frequency,0.26953125,0.01171875,0.51953125,0.49230769230769234,0.5076923076923077
NFL,2017,upset_frequency,0.24609375,0.01171875,0.5,0.52,0.48
NFL,2018,upset_frequency,0.28515625,0.03125,0.5703125,0.5289855072463768,0.47101449275362317
NFL,2019,upset_frequency,0.265625,0.01171875,0.52734375,0.5075757575757576,0.49242424242424243
NFL,2020,upset_frequency,0.23828125,0.01953125,0.54296875,0.582089552238806,0.417910447761194
NFL,2021,upset_frequency,0.2830882352941176,0.0147058823529411,0.4889705882352941,0.434108527131783,0.565891472868217
NFL,2022,upset_frequency,0.3025830258302583,0.033210332103321,0.4907749077490775,0.41129032258064513,0.5887096774193549
NFL,2023,upset_frequency,0.3088235294117647,0.0404411764705882,0.4889705882352941,0.40163934426229503,0.598360655737705
NFL,2024,upset_frequency,0.2205882352941176,0.0220588235294117,0.4779411764705882,0.5645161290322579,0.4354838709677421
